CensusId,State,County,Poverty
01001,Alabama,Autauga,5.86
01003,Alabama,Baldwin,6.09
01005,Alabama,Barbour,12.14
01007,Alabama,Bibb,7.64
01009,Alabama,Blount,7.59
01011,Alabama,Bullock,11.18
01013,Alabama,Butler,11.55
01015,Alabama,Calhoun,9.32
01017,Alabama,Chambers,9.82
01019,Alabama,Cherokee,8.73
01021,Alabama,Chilton,8.68
01023,Alabama,Choctaw,10.64
01025,Alabama,Clarke,11.23
01027,Alabama,Clay,7.59
01029,Alabama,Cleburne,7.73
01031,Alabama,Coffee,7.77
01033,Alabama,Colbert,7.91
01035,Alabama,Conecuh,15.36
01037,Alabama,Coosa,8.77
01039,Alabama,Covington,9.18
01041,Alabama,Crenshaw,7.59
01043,Alabama,Cullman,8.41
01045,Alabama,Dale,8.68
01047,Alabama,Dallas,15.91
01049,Alabama,DeKalb,8.5
01051,Alabama,Elmore,6.18
01053,Alabama,Escambia,11
01055,Alabama,Etowah,8.95
01057,Alabama,Fayette,8.32
01059,Alabama,Franklin,10.23
01061,Alabama,Geneva,10.55
01063,Alabama,Greene,18.27
01065,Alabama,Hale,12.18
01067,Alabama,Henry,7.09
01069,Alabama,Houston,8.32
01071,Alabama,Jackson,8.18
01073,Alabama,Jefferson,8.55
01075,Alabama,Lamar,10.95
01077,Alabama,Lauderdale,8.14
01079,Alabama,Lawrence,8.5
01081,Alabama,Lee,10.82
01083,Alabama,Limestone,6.5
01085,Alabama,Lowndes,12.95
01087,Alabama,Macon,11.77
01089,Alabama,Madison,6.23
01091,Alabama,Marengo,11.86
01093,Alabama,Marion,9.14
01095,Alabama,Marshall,9.18
01097,Alabama,Mobile,8.77
01099,Alabama,Monroe,14.27
01101,Alabama,Montgomery,10.27
01103,Alabama,Morgan,7.32
01105,Alabama,Perry,16.55
01107,Alabama,Pickens,11.36
01109,Alabama,Pike,11.86
01111,Alabama,Randolph,9.27
01113,Alabama,Russell,9.55
01115,Alabama,St. Clair,7.27
01117,Alabama,Shelby,3.77
01119,Alabama,Sumter,19.41
01121,Alabama,Talladega,10.45
01123,Alabama,Tallapoosa,10.23
01125,Alabama,Tuscaloosa,8.68
01127,Alabama,Walker,10.23
01129,Alabama,Washington,8.68
01131,Alabama,Wilcox,17.14
01133,Alabama,Winston,9.95
02013,Alaska,Aleutians East Borough,7.64
02016,Alaska,Aleutians West Census Area,4.14
02020,Alaska,Anchorage Municipality,3.73
02050,Alaska,Bethel Census Area,11.45
02060,Alaska,Bristol Bay Borough,3.27
02068,Alaska,Denali Borough,5.77
02070,Alaska,Dillingham Census Area,8.23
02090,Alaska,Fairbanks North Star Borough,3.68
02100,Alaska,Haines Borough,2.41
02105,Alaska,Hoonah-Angoon Census Area,5.41
02110,Alaska,Juneau City and Borough,3
02122,Alaska,Kenai Peninsula Borough,4.55
02130,Alaska,Ketchikan Gateway Borough,5.5
02150,Alaska,Kodiak Island Borough,5.14
02158,Alaska,Kusilvak Census Area,15.14
02164,Alaska,Lake and Peninsula Borough,7.64
02170,Alaska,Matanuska-Susitna Borough,4.55
02180,Alaska,Nome Census Area,12.27
02185,Alaska,North Slope Borough,4.64
02188,Alaska,Northwest Arctic Borough,10.82
02195,Alaska,Petersburg Borough,4.64
02198,Alaska,Prince of Wales-Hyder Census Area,6.64
02220,Alaska,Sitka City and Borough,4.09
02230,Alaska,Skagway Municipality,2
02240,Alaska,Southeast Fairbanks Census Area,6.59
02261,Alaska,Valdez-Cordova Census Area,4.95
02275,Alaska,Wrangell City and Borough,5.36
02282,Alaska,Yakutat City and Borough,2.45
02290,Alaska,Yukon-Koyukuk Census Area,10.18
04001,Arizona,Apache,16.64
04003,Arizona,Cochise,8.14
04005,Arizona,Coconino,10.32
04007,Arizona,Gila,10.32
04009,Arizona,Graham,10.27
04011,Arizona,Greenlee,6.23
04012,Arizona,La Paz,8.68
04013,Arizona,Maricopa,7.73
04015,Arizona,Mohave,9
04017,Arizona,Navajo,13.91
04019,Arizona,Pima,8.77
04021,Arizona,Pinal,7.86
04023,Arizona,Santa Cruz,10.68
04025,Arizona,Yavapai,7.27
04027,Arizona,Yuma,9.41
05001,Arkansas,Arkansas,9.14
05003,Arkansas,Ashley,9.41
05005,Arkansas,Baxter,7.23
05007,Arkansas,Benton,5.55
05009,Arkansas,Boone,8.05
05011,Arkansas,Bradley,13.18
05013,Arkansas,Calhoun,8.09
05015,Arkansas,Carroll,8.32
05017,Arkansas,Chicot,14.41
05019,Arkansas,Clark,10.77
05021,Arkansas,Clay,9.91
05023,Arkansas,Cleburne,6.59
05025,Arkansas,Cleveland,9.45
05027,Arkansas,Columbia,11.64
05029,Arkansas,Conway,10.27
05031,Arkansas,Craighead,9.18
05033,Arkansas,Crawford,8.41
05035,Arkansas,Crittenden,10.95
05037,Arkansas,Cross,9.14
05039,Arkansas,Dallas,7.05
05041,Arkansas,Desha,15
05043,Arkansas,Drew,13
05045,Arkansas,Faulkner,7.05
05047,Arkansas,Franklin,10
05049,Arkansas,Fulton,9.05
05051,Arkansas,Garland,9.5
05053,Arkansas,Grant,5.45
05055,Arkansas,Greene,8.09
05057,Arkansas,Hempstead,12.27
05059,Arkansas,Hot Spring,8.68
05061,Arkansas,Howard,9.91
05063,Arkansas,Independence,9.91
05065,Arkansas,Izard,9.55
05067,Arkansas,Jackson,12.18
05069,Arkansas,Jefferson,11.59
05071,Arkansas,Johnson,10.05
05073,Arkansas,Lafayette,11.09
05075,Arkansas,Lawrence,10.86
05077,Arkansas,Lee,12.41
05079,Arkansas,Lincoln,10.45
05081,Arkansas,Little River,8.77
05083,Arkansas,Logan,8.77
05085,Arkansas,Lonoke,5.64
05087,Arkansas,Madison,9.32
05089,Arkansas,Marion,8.55
05091,Arkansas,Miller,9.23
05093,Arkansas,Mississippi,12.18
05095,Arkansas,Monroe,14.91
05097,Arkansas,Montgomery,8.14
05099,Arkansas,Nevada,12.77
05101,Arkansas,Newton,9.32
05103,Arkansas,Ouachita,10.95
05105,Arkansas,Perry,7.27
05107,Arkansas,Phillips,15.5
05109,Arkansas,Pike,9.18
05111,Arkansas,Poinsett,10.36
05113,Arkansas,Polk,10.95
05115,Arkansas,Pope,9.09
05117,Arkansas,Prairie,9.73
05119,Arkansas,Pulaski,8
05121,Arkansas,Randolph,9.59
05123,Arkansas,St. Francis,11.27
05125,Arkansas,Saline,4.14
05127,Arkansas,Scott,9.14
05129,Arkansas,Searcy,10.73
05131,Arkansas,Sebastian,10.55
05133,Arkansas,Sevier,10.05
05135,Arkansas,Sharp,10.73
05137,Arkansas,Stone,11.18
05139,Arkansas,Union,9.27
05141,Arkansas,Van Buren,9.73
05143,Arkansas,Washington,9.14
05145,Arkansas,White,8.64
05147,Arkansas,Woodruff,10.68
05149,Arkansas,Yell,8.45
06001,California,Alameda,5.68
06003,California,Alpine,7.95
06005,California,Amador,5.82
06007,California,Butte,9.95
06009,California,Calaveras,5.73
06011,California,Colusa,6.82
06013,California,Contra Costa,4.95
06015,California,Del Norte,9.91
06017,California,El Dorado,4.73
06019,California,Fresno,12.18
06021,California,Glenn,9.45
06023,California,Humboldt,9.73
06025,California,Imperial,10.91
06027,California,Inyo,5.18
06029,California,Kern,10.68
06031,California,Kings,10.27
06033,California,Lake,11.23
06035,California,Lassen,7.45
06037,California,Los Angeles,8.27
06039,California,Madera,10.68
06041,California,Marin,3.77
06043,California,Mariposa,6.86
06045,California,Mendocino,9.27
06047,California,Merced,11.86
06049,California,Modoc,8.55
06051,California,Mono,2.23
06053,California,Monterey,7.73
06055,California,Napa,4.68
06057,California,Nevada,5.77
06059,California,Orange,5.82
06061,California,Placer,4.05
06063,California,Plumas,6.59
06065,California,Riverside,7.64
06067,California,Sacramento,8.27
06069,California,San Benito,4.91
06071,California,San Bernardino,8.86
06073,California,San Diego,6.59
06075,California,San Francisco,6
06077,California,San Joaquin,8.45
06079,California,San Luis Obispo,6.73
06081,California,San Mateo,3.64
06083,California,Santa Barbara,7.41
06085,California,Santa Clara,4.32
06087,California,Santa Cruz,6.86
06089,California,Shasta,8.18
06091,California,Sierra,6.64
06093,California,Siskiyou,10.5
06095,California,Solano,6.09
06097,California,Sonoma,5.32
06099,California,Stanislaus,9.23
06101,California,Sutter,8.09
06103,California,Tehama,9
06105,California,Trinity,8.86
06107,California,Tulare,12.77
06109,California,Tuolumne,6.32
06111,California,Ventura,5.05
06113,California,Yolo,9.05
06115,California,Yuba,9.95
08001,Colorado,Adams,6.27
08003,Colorado,Alamosa,13.14
08005,Colorado,Arapahoe,5.09
08007,Colorado,Archuleta,5.32
08009,Colorado,Baca,9.32
08011,Colorado,Bent,11.64
08013,Colorado,Boulder,6.41
08014,Colorado,Broomfield,2.95
08015,Colorado,Chaffee,3.95
08017,Colorado,Cheyenne,3.91
08019,Colorado,Clear Creek,3.77
08021,Colorado,Conejos,8.32
08023,Colorado,Costilla,10.77
08025,Colorado,Crowley,15.18
08027,Colorado,Custer,7.91
08029,Colorado,Delta,7.41
08031,Colorado,Denver,7.86
08033,Colorado,Dolores,9.77
08035,Colorado,Douglas,1.82
08037,Colorado,Eagle,4.18
08039,Colorado,Elbert,3.18
08041,Colorado,El Paso,5.36
08043,Colorado,Fremont,7.91
08045,Colorado,Garfield,5.5
08047,Colorado,Gilpin,3.36
08049,Colorado,Grand,4.91
08051,Colorado,Gunnison,7.68
08053,Colorado,Hinsdale,3.64
08055,Colorado,Huerfano,8.41
08057,Colorado,Jackson,5.32
08059,Colorado,Jefferson,3.86
08061,Colorado,Kiowa,6
08063,Colorado,Kit Carson,7.45
08065,Colorado,Lake,5.23
08067,Colorado,La Plata,4.82
08069,Colorado,Larimer,6.23
08071,Colorado,Las Animas,6.77
08073,Colorado,Lincoln,7.55
08075,Colorado,Logan,7.68
08077,Colorado,Mesa,7.09
08079,Colorado,Mineral,3.45
08081,Colorado,Moffat,5.18
08083,Colorado,Montezuma,8.14
08085,Colorado,Montrose,8.64
08087,Colorado,Morgan,5.27
08089,Colorado,Otero,11.05
08091,Colorado,Ouray,3.55
08093,Colorado,Park,3.32
08095,Colorado,Phillips,6.95
08097,Colorado,Pitkin,4.5
08099,Colorado,Prowers,8.64
08101,Colorado,Pueblo,9
08103,Colorado,Rio Blanco,7.91
08105,Colorado,Rio Grande,8.73
08107,Colorado,Routt,4.64
08109,Colorado,Saguache,10.64
08111,Colorado,San Juan,7.5
08113,Colorado,San Miguel,5.09
08115,Colorado,Sedgwick,6.55
08117,Colorado,Summit,6.23
08119,Colorado,Teller,3.41
08121,Colorado,Washington,4.73
08123,Colorado,Weld,5.86
08125,Colorado,Yuma,6.59
09001,Connecticut,Fairfield,4.09
09003,Connecticut,Hartford,5.41
09005,Connecticut,Litchfield,3.18
09007,Connecticut,Middlesex,3.05
09009,Connecticut,New Haven,5.91
09011,Connecticut,New London,4.5
09013,Connecticut,Tolland,3.18
09015,Connecticut,Windham,4.86
10001,Delaware,Kent,6.14
10003,Delaware,New Castle,5.18
10005,Delaware,Sussex,5.73
11001,District of Columbia,District of Columbia,8.18
12001,Florida,Alachua,11.05
12003,Florida,Baker,8.23
12005,Florida,Bay,6.91
12007,Florida,Bradford,9.36
12009,Florida,Brevard,6.36
12011,Florida,Broward,6.59
12013,Florida,Calhoun,8.77
12015,Florida,Charlotte,5.55
12017,Florida,Citrus,7.91
12019,Florida,Clay,4.77
12021,Florida,Collier,6.41
12023,Florida,Columbia,9.05
12027,Florida,DeSoto,13.91
12029,Florida,Dixie,9.59
12031,Florida,Duval,7.86
12033,Florida,Escambia,7.18
12035,Florida,Flagler,6.73
12037,Florida,Franklin,9.23
12039,Florida,Gadsden,12.32
12041,Florida,Gilchrist,10.36
12043,Florida,Glades,9.18
12045,Florida,Gulf,6.5
12047,Florida,Hamilton,13.32
12049,Florida,Hardee,12.45
12051,Florida,Hendry,12
12053,Florida,Hernando,7.23
12055,Florida,Highlands,8.82
12057,Florida,Hillsborough,7.73
12059,Florida,Holmes,12.64
12061,Florida,Indian River,6.55
12063,Florida,Jackson,10.05
12065,Florida,Jefferson,7.23
12067,Florida,Lafayette,9.23
12069,Florida,Lake,6.32
12071,Florida,Lee,7.32
12073,Florida,Leon,10.14
12075,Florida,Levy,10
12077,Florida,Liberty,8.36
12079,Florida,Madison,11.68
12081,Florida,Manatee,6.91
12083,Florida,Marion,8.36
12085,Florida,Martin,5.5
12086,Florida,Miami-Dade,9.27
12087,Florida,Monroe,6.09
12089,Florida,Nassau,5.86
12091,Florida,Okaloosa,6
12093,Florida,Okeechobee,12.59
12095,Florida,Orange,8.09
12097,Florida,Osceola,8.86
12099,Florida,Palm Beach,6.59
12101,Florida,Pasco,6.36
12103,Florida,Pinellas,6.55
12105,Florida,Polk,8.32
12107,Florida,Putnam,13.05
12109,Florida,St. Johns,4.32
12111,Florida,St. Lucie,8.32
12113,Florida,Santa Rosa,5.59
12115,Florida,Sarasota,5
12117,Florida,Seminole,5.5
12119,Florida,Sumter,4.95
12121,Florida,Suwannee,10.86
12123,Florida,Taylor,6.68
12125,Florida,Union,9.09
12127,Florida,Volusia,7.91
12129,Florida,Wakulla,6.77
12131,Florida,Walton,7.77
12133,Florida,Washington,9.77
13001,Georgia,Appling,9.5
13003,Georgia,Atkinson,13.05
13005,Georgia,Bacon,8.14
13007,Georgia,Baker,10.41
13009,Georgia,Baldwin,14.27
13011,Georgia,Banks,7.55
13013,Georgia,Barrow,6.91
13015,Georgia,Bartow,7.18
13017,Georgia,Ben Hill,16.05
13019,Georgia,Berrien,11.91
13021,Georgia,Bibb,12.45
13023,Georgia,Bleckley,10.68
13025,Georgia,Brantley,9.55
13027,Georgia,Brooks,12.55
13029,Georgia,Bryan,6.18
13031,Georgia,Bulloch,14.95
13033,Georgia,Burke,14.27
13035,Georgia,Butts,9.45
13037,Georgia,Calhoun,18.91
13039,Georgia,Camden,5.82
13043,Georgia,Candler,14.45
13045,Georgia,Carroll,9.41
13047,Georgia,Catoosa,5.68
13049,Georgia,Charlton,7.82
13051,Georgia,Chatham,8.68
13053,Georgia,Chattahoochee,5.23
13055,Georgia,Chattooga,10.77
13057,Georgia,Cherokee,4.91
13059,Georgia,Clarke,16.64
13061,Georgia,Clay,19.18
13063,Georgia,Clayton,11.41
13065,Georgia,Clinch,15.91
13067,Georgia,Cobb,5.64
13069,Georgia,Coffee,11.59
13071,Georgia,Colquitt,12.18
13073,Georgia,Columbia,4.18
13075,Georgia,Cook,11.41
13077,Georgia,Coweta,6
13079,Georgia,Crawford,7.82
13081,Georgia,Crisp,14.91
13083,Georgia,Dade,6.91
13085,Georgia,Dawson,6.45
13087,Georgia,Decatur,12.91
13089,Georgia,DeKalb,8.77
13091,Georgia,Dodge,10.23
13093,Georgia,Dooly,13.27
13095,Georgia,Dougherty,13.95
13097,Georgia,Douglas,7.45
13099,Georgia,Early,12.73
13101,Georgia,Echols,13.18
13103,Georgia,Effingham,4.82
13105,Georgia,Elbert,8.64
13107,Georgia,Emanuel,13.91
13109,Georgia,Evans,12.59
13111,Georgia,Fannin,10.5
13113,Georgia,Fayette,3.86
13115,Georgia,Floyd,9.68
13117,Georgia,Forsyth,3.14
13119,Georgia,Franklin,10.86
13121,Georgia,Fulton,8
13123,Georgia,Gilmer,10.68
13125,Georgia,Glascock,7.36
13127,Georgia,Glynn,8.5
13129,Georgia,Gordon,9.27
13131,Georgia,Grady,13.95
13133,Georgia,Greene,11.32
13135,Georgia,Gwinnett,6.27
13137,Georgia,Habersham,8.09
13139,Georgia,Hall,8.36
13141,Georgia,Hancock,13.77
13143,Georgia,Haralson,9.23
13145,Georgia,Harris,4.23
13147,Georgia,Hart,9.95
13149,Georgia,Heard,9.32
13151,Georgia,Henry,5.86
13153,Georgia,Houston,7.82
13155,Georgia,Irwin,11.82
13157,Georgia,Jackson,6.23
13159,Georgia,Jasper,9.41
13161,Georgia,Jeff Davis,10.14
13163,Georgia,Jefferson,14
13165,Georgia,Jenkins,15.36
13167,Georgia,Johnson,10.5
13169,Georgia,Jones,7.64
13171,Georgia,Lamar,10.05
13173,Georgia,Lanier,12.09
13175,Georgia,Laurens,12.5
13177,Georgia,Lee,5.59
13179,Georgia,Liberty,8.05
13181,Georgia,Lincoln,11.36
13183,Georgia,Long,8.14
13185,Georgia,Lowndes,12.05
13187,Georgia,Lumpkin,8.55
13189,Georgia,McDuffie,11.55
13191,Georgia,McIntosh,9.68
13193,Georgia,Macon,13.45
13195,Georgia,Madison,7.77
13197,Georgia,Marion,9.68
13199,Georgia,Meriwether,10.32
13201,Georgia,Miller,12.68
13205,Georgia,Mitchell,13.05
13207,Georgia,Monroe,6.18
13209,Georgia,Montgomery,11.5
13211,Georgia,Morgan,6.5
13213,Georgia,Murray,9.09
13215,Georgia,Muscogee,9.32
13217,Georgia,Newton,7.77
13219,Georgia,Oconee,3.32
13221,Georgia,Oglethorpe,7.23
13223,Georgia,Paulding,5.73
13225,Georgia,Peach,9.95
13227,Georgia,Pickens,5.27
13229,Georgia,Pierce,10.77
13231,Georgia,Pike,5.55
13233,Georgia,Polk,9.77
13235,Georgia,Pulaski,8.73
13237,Georgia,Putnam,7.45
13239,Georgia,Quitman,10.91
13241,Georgia,Rabun,9.82
13243,Georgia,Randolph,13.73
13245,Georgia,Richmond,11.45
13247,Georgia,Rockdale,7.5
13249,Georgia,Schley,10.64
13251,Georgia,Screven,11.45
13253,Georgia,Seminole,8.36
13255,Georgia,Spalding,10.32
13257,Georgia,Stephens,8.59
13259,Georgia,Stewart,17.45
13261,Georgia,Sumter,15.09
13263,Georgia,Talbot,9.09
13265,Georgia,Taliaferro,13.64
13267,Georgia,Tattnall,13.27
13269,Georgia,Taylor,13.05
13271,Georgia,Telfair,12.95
13273,Georgia,Terrell,16.45
13275,Georgia,Thomas,10.73
13277,Georgia,Tift,13.27
13279,Georgia,Toombs,11.27
13281,Georgia,Towns,8.45
13283,Georgia,Treutlen,8.91
13285,Georgia,Troup,9.73
13287,Georgia,Turner,11.55
13289,Georgia,Twiggs,12.59
13291,Georgia,Union,6.14
13293,Georgia,Upson,10.77
13295,Georgia,Walker,8.09
13297,Georgia,Walton,6.32
13299,Georgia,Ware,13.27
13301,Georgia,Warren,12.32
13303,Georgia,Washington,11.77
13305,Georgia,Wayne,9.23
13307,Georgia,Webster,10.23
13309,Georgia,Wheeler,12.36
13311,Georgia,White,8.64
13313,Georgia,Whitfield,8.55
13315,Georgia,Wilcox,10.5
13317,Georgia,Wilkes,12.95
13319,Georgia,Wilkinson,8.05
13321,Georgia,Worth,9.64
15001,Hawaii,Hawaii,8.86
15003,Hawaii,Honolulu,4.41
15005,Hawaii,Kalawao,6.91
15007,Hawaii,Kauai,4.86
15009,Hawaii,Maui,5
16001,Idaho,Ada,5.59
16003,Idaho,Adams,5.86
16005,Idaho,Bannock,8.55
16007,Idaho,Bear Lake,5.86
16009,Idaho,Benewah,7.55
16011,Idaho,Bingham,6.14
16013,Idaho,Blaine,4.73
16015,Idaho,Boise,6.59
16017,Idaho,Bonner,6.95
16019,Idaho,Bonneville,6
16021,Idaho,Boundary,6.95
16023,Idaho,Butte,8
16025,Idaho,Camas,9.91
16027,Idaho,Canyon,8.82
16029,Idaho,Caribou,3.77
16031,Idaho,Cassia,7.27
16033,Idaho,Clark,8.23
16035,Idaho,Clearwater,5.95
16037,Idaho,Custer,8.73
16039,Idaho,Elmore,7.32
16041,Idaho,Franklin,6
16043,Idaho,Fremont,4.68
16045,Idaho,Gem,8.18
16047,Idaho,Gooding,8.82
16049,Idaho,Idaho,7.27
16051,Idaho,Jefferson,5.95
16053,Idaho,Jerome,7.45
16055,Idaho,Kootenai,5.91
16057,Idaho,Latah,9.82
16059,Idaho,Lemhi,8.5
16061,Idaho,Lewis,7.91
16063,Idaho,Lincoln,6.18
16065,Idaho,Madison,16.23
16067,Idaho,Minidoka,7.91
16069,Idaho,Nez Perce,5.41
16071,Idaho,Oneida,6.64
16073,Idaho,Owyhee,12.55
16075,Idaho,Payette,8.5
16077,Idaho,Power,6.14
16079,Idaho,Shoshone,7.82
16081,Idaho,Teton,4.91
16083,Idaho,Twin Falls,7.18
16085,Idaho,Valley,6.82
16087,Idaho,Washington,8.32
17001,Illinois,Adams,6.55
17003,Illinois,Alexander,15.55
17005,Illinois,Bond,7.5
17007,Illinois,Boone,4.95
17009,Illinois,Brown,4.95
17011,Illinois,Bureau,5.68
17013,Illinois,Calhoun,5.73
17015,Illinois,Carroll,5.73
17017,Illinois,Cass,5.86
17019,Illinois,Champaign,10.36
17021,Illinois,Christian,6.64
17023,Illinois,Clark,6.77
17025,Illinois,Clay,6.27
17027,Illinois,Clinton,4.05
17029,Illinois,Coles,10.14
17031,Illinois,Cook,7.77
17033,Illinois,Crawford,5.77
17035,Illinois,Cumberland,7.18
17037,Illinois,DeKalb,8.5
17039,Illinois,De Witt,5.86
17041,Illinois,Douglas,4.68
17043,Illinois,DuPage,3.36
17045,Illinois,Edgar,7.73
17047,Illinois,Edwards,5.86
17049,Illinois,Effingham,4.82
17051,Illinois,Fayette,8.18
17053,Illinois,Ford,6.09
17055,Illinois,Franklin,8.41
17057,Illinois,Fulton,6.45
17059,Illinois,Gallatin,7.09
17061,Illinois,Greene,7.77
17063,Illinois,Grundy,4.14
17065,Illinois,Hamilton,6.73
17067,Illinois,Hancock,5.32
17069,Illinois,Hardin,9.41
17071,Illinois,Henderson,4.5
17073,Illinois,Henry,4.86
17075,Illinois,Iroquois,7.55
17077,Illinois,Jackson,13.86
17079,Illinois,Jasper,4.18
17081,Illinois,Jefferson,7.73
17083,Illinois,Jersey,3.32
17085,Illinois,Jo Daviess,4.18
17087,Illinois,Johnson,6.64
17089,Illinois,Kane,5.18
17091,Illinois,Kankakee,7.32
17093,Illinois,Kendall,2.5
17095,Illinois,Knox,8.55
17097,Illinois,Lake,4.36
17099,Illinois,LaSalle,6
17101,Illinois,Lawrence,6.14
17103,Illinois,Lee,5.05
17105,Illinois,Livingston,5.27
17107,Illinois,Logan,6.45
17109,Illinois,McDonough,10.45
17111,Illinois,McHenry,3.59
17113,Illinois,McLean,6.55
17115,Illinois,Macon,8.36
17117,Illinois,Macoupin,5.68
17119,Illinois,Madison,6.05
17121,Illinois,Marion,8.45
17123,Illinois,Marshall,4.59
17125,Illinois,Mason,6.86
17127,Illinois,Massac,8.32
17129,Illinois,Menard,5.14
17131,Illinois,Mercer,4.27
17133,Illinois,Monroe,2.27
17135,Illinois,Montgomery,6.73
17137,Illinois,Morgan,6.5
17139,Illinois,Moultrie,6.05
17141,Illinois,Ogle,4.82
17143,Illinois,Peoria,7.82
17145,Illinois,Perry,7.82
17147,Illinois,Piatt,2.82
17149,Illinois,Pike,6.23
17151,Illinois,Pope,6.82
17153,Illinois,Pulaski,9.18
17155,Illinois,Putnam,5.45
17157,Illinois,Randolph,5.86
17159,Illinois,Richland,6.86
17161,Illinois,Rock Island,6.77
17163,Illinois,St. Clair,8.27
17165,Illinois,Saline,10.45
17167,Illinois,Sangamon,7.09
17169,Illinois,Schuyler,8.77
17171,Illinois,Scott,6.45
17173,Illinois,Shelby,5.09
17175,Illinois,Stark,5.41
17177,Illinois,Stephenson,6.82
17179,Illinois,Tazewell,3.95
17181,Illinois,Union,7.82
17183,Illinois,Vermilion,8.55
17185,Illinois,Wabash,5.68
17187,Illinois,Warren,6.82
17189,Illinois,Washington,5.86
17191,Illinois,Wayne,6.59
17193,Illinois,White,6.18
17195,Illinois,Whiteside,5.45
17197,Illinois,Will,3.59
17199,Illinois,Williamson,6.82
17201,Illinois,Winnebago,7.64
17203,Illinois,Woodford,3.73
18001,Indiana,Adams,7.41
18003,Indiana,Allen,7.18
18005,Indiana,Bartholomew,5.82
18007,Indiana,Benton,6.23
18009,Indiana,Blackford,6.36
18011,Indiana,Boone,2.64
18013,Indiana,Brown,5.73
18015,Indiana,Carroll,4.91
18017,Indiana,Cass,7.09
18019,Indiana,Clark,4.91
18021,Indiana,Clay,6.59
18023,Indiana,Clinton,6.41
18025,Indiana,Crawford,9.41
18027,Indiana,Daviess,6
18029,Indiana,Dearborn,4.23
18031,Indiana,Decatur,6.45
18033,Indiana,DeKalb,6.64
18035,Indiana,Delaware,10
18037,Indiana,Dubois,4.45
18039,Indiana,Elkhart,7.32
18041,Indiana,Fayette,9.36
18043,Indiana,Floyd,5.82
18045,Indiana,Fountain,5.45
18047,Indiana,Franklin,4.82
18049,Indiana,Fulton,6.77
18051,Indiana,Gibson,5.09
18053,Indiana,Grant,8.5
18055,Indiana,Greene,6.18
18057,Indiana,Hamilton,2.14
18059,Indiana,Hancock,2.95
18061,Indiana,Harrison,6.32
18063,Indiana,Hendricks,2.27
18065,Indiana,Henry,7.41
18067,Indiana,Howard,8.09
18069,Indiana,Huntington,5.45
18071,Indiana,Jackson,6.73
18073,Indiana,Jasper,3.82
18075,Indiana,Jay,7.41
18077,Indiana,Jefferson,6.59
18079,Indiana,Jennings,7.23
18081,Indiana,Johnson,4.5
18083,Indiana,Knox,7.23
18085,Indiana,Kosciusko,5.18
18087,Indiana,LaGrange,5.91
18089,Indiana,Lake,8.14
18091,Indiana,LaPorte,7.91
18093,Indiana,Lawrence,5.91
18095,Indiana,Madison,7.77
18097,Indiana,Marion,9.59
18099,Indiana,Marshall,5.5
18101,Indiana,Martin,5.91
18103,Indiana,Miami,6.91
18105,Indiana,Monroe,11.27
18107,Indiana,Montgomery,6.45
18109,Indiana,Morgan,5.5
18111,Indiana,Newton,6.23
18113,Indiana,Noble,5.55
18115,Indiana,Ohio,3.59
18117,Indiana,Orange,8
18119,Indiana,Owen,6.86
18121,Indiana,Parke,7.27
18123,Indiana,Perry,5.91
18125,Indiana,Pike,4.55
18127,Indiana,Porter,5.27
18129,Indiana,Posey,5.05
18131,Indiana,Pulaski,6.45
18133,Indiana,Putnam,4.64
18135,Indiana,Randolph,8.18
18137,Indiana,Ripley,3.91
18139,Indiana,Rush,8
18141,Indiana,St. Joseph,8.09
18143,Indiana,Scott,8.09
18145,Indiana,Shelby,5.55
18147,Indiana,Spencer,4.91
18149,Indiana,Starke,7.27
18151,Indiana,Steuben,4.91
18153,Indiana,Sullivan,8.5
18155,Indiana,Switzerland,8.91
18157,Indiana,Tippecanoe,10.09
18159,Indiana,Tipton,4.55
18161,Indiana,Union,4.73
18163,Indiana,Vanderburgh,7.55
18165,Indiana,Vermillion,5.86
18167,Indiana,Vigo,9.32
18169,Indiana,Wabash,6.55
18171,Indiana,Warren,4.14
18173,Indiana,Warrick,4.5
18175,Indiana,Washington,6.91
18177,Indiana,Wayne,9.59
18179,Indiana,Wells,5.55
18181,Indiana,White,4.36
18183,Indiana,Whitley,3.64
19001,Iowa,Adair,4.82
19003,Iowa,Adams,4.64
19005,Iowa,Allamakee,4.95
19007,Iowa,Appanoose,6.23
19009,Iowa,Audubon,4.41
19011,Iowa,Benton,4.36
19013,Iowa,Black Hawk,7.14
19015,Iowa,Boone,4.59
19017,Iowa,Bremer,3.77
19019,Iowa,Buchanan,4.32
19021,Iowa,Buena Vista,5.73
19023,Iowa,Butler,4.09
19025,Iowa,Calhoun,6.73
19027,Iowa,Carroll,4.59
19029,Iowa,Cass,6.32
19031,Iowa,Cedar,3.5
19033,Iowa,Cerro Gordo,6.09
19035,Iowa,Cherokee,5.09
19037,Iowa,Chickasaw,4
19039,Iowa,Clarke,7.45
19041,Iowa,Clay,5.23
19043,Iowa,Clayton,5.05
19045,Iowa,Clinton,6.32
19047,Iowa,Crawford,9
19049,Iowa,Dallas,2.95
19051,Iowa,Davis,8.77
19053,Iowa,Decatur,9.36
19055,Iowa,Delaware,4.55
19057,Iowa,Des Moines,6.91
19059,Iowa,Dickinson,3
19061,Iowa,Dubuque,5.55
19063,Iowa,Emmet,6.18
19065,Iowa,Fayette,5.86
19067,Iowa,Floyd,5.64
19069,Iowa,Franklin,6.05
19071,Iowa,Fremont,5
19073,Iowa,Greene,5.73
19075,Iowa,Grundy,2.82
19077,Iowa,Guthrie,5.18
19079,Iowa,Hamilton,5.18
19081,Iowa,Hancock,3.86
19083,Iowa,Hardin,4
19085,Iowa,Harrison,4.5
19087,Iowa,Henry,6.59
19089,Iowa,Howard,5.32
19091,Iowa,Humboldt,5.55
19093,Iowa,Ida,5.32
19095,Iowa,Iowa,3.95
19097,Iowa,Jackson,5.5
19099,Iowa,Jasper,4.36
19101,Iowa,Jefferson,6.82
19103,Iowa,Johnson,8.14
19105,Iowa,Jones,4.64
19107,Iowa,Keokuk,6.14
19109,Iowa,Kossuth,4.09
19111,Iowa,Lee,7.64
19113,Iowa,Linn,4.45
19115,Iowa,Louisa,5.55
19117,Iowa,Lucas,5.95
19119,Iowa,Lyon,3.32
19121,Iowa,Madison,3.45
19123,Iowa,Mahaska,6.68
19125,Iowa,Marion,4.5
19127,Iowa,Marshall,5.05
19129,Iowa,Mills,4.05
19131,Iowa,Mitchell,4.36
19133,Iowa,Monona,6.32
19135,Iowa,Monroe,5.5
19137,Iowa,Montgomery,7.64
19139,Iowa,Muscatine,5.64
19141,Iowa,O'Brien,3.32
19143,Iowa,Osceola,3.86
19145,Iowa,Page,6.95
19147,Iowa,Palo Alto,4.86
19149,Iowa,Plymouth,3.55
19151,Iowa,Pocahontas,6.45
19153,Iowa,Polk,5.86
19155,Iowa,Pottawattamie,5.91
19157,Iowa,Poweshiek,4.73
19159,Iowa,Ringgold,4.82
19161,Iowa,Sac,3.73
19163,Iowa,Scott,5.5
19165,Iowa,Shelby,5.09
19167,Iowa,Sioux,3.77
19169,Iowa,Story,10.32
19171,Iowa,Tama,5.14
19173,Iowa,Taylor,6.41
19175,Iowa,Union,6.18
19177,Iowa,Van Buren,6.77
19179,Iowa,Wapello,8.45
19181,Iowa,Warren,3.09
19183,Iowa,Washington,4.23
19185,Iowa,Wayne,6.05
19187,Iowa,Webster,6.91
19189,Iowa,Winnebago,4.5
19191,Iowa,Winneshiek,3.68
19193,Iowa,Woodbury,6.64
19195,Iowa,Worth,5.45
19197,Iowa,Wright,5.05
20001,Kansas,Allen,8.18
20003,Kansas,Anderson,7.95
20005,Kansas,Atchison,8.73
20007,Kansas,Barber,4.95
20009,Kansas,Barton,7.23
20011,Kansas,Bourbon,8.73
20013,Kansas,Brown,7.45
20015,Kansas,Butler,4.73
20017,Kansas,Chase,6.27
20019,Kansas,Chautauqua,7.64
20021,Kansas,Cherokee,7.73
20023,Kansas,Cheyenne,3.68
20025,Kansas,Clark,6.77
20027,Kansas,Clay,5.18
20029,Kansas,Cloud,6.14
20031,Kansas,Coffey,4.55
20033,Kansas,Comanche,3.27
20035,Kansas,Cowley,8
20037,Kansas,Crawford,10
20039,Kansas,Decatur,5.09
20041,Kansas,Dickinson,4.77
20043,Kansas,Doniphan,5.64
20045,Kansas,Douglas,8.64
20047,Kansas,Edwards,5.32
20049,Kansas,Elk,8.32
20051,Kansas,Ellis,7.09
20053,Kansas,Ellsworth,4.09
20055,Kansas,Finney,7.73
20057,Kansas,Ford,8.27
20059,Kansas,Franklin,5.95
20061,Kansas,Geary,5.64
20063,Kansas,Gove,3.73
20065,Kansas,Graham,5.09
20067,Kansas,Grant,4.68
20069,Kansas,Gray,4.55
20071,Kansas,Greeley,3.68
20073,Kansas,Greenwood,6.86
20075,Kansas,Hamilton,6.5
20077,Kansas,Harper,7.45
20079,Kansas,Harvey,6
20081,Kansas,Haskell,6.27
20083,Kansas,Hodgeman,2.09
20085,Kansas,Jackson,4.14
20087,Kansas,Jefferson,3.41
20089,Kansas,Jewell,7.05
20091,Kansas,Johnson,2.82
20093,Kansas,Kearny,4.86
20095,Kansas,Kingman,4.86
20097,Kansas,Kiowa,7.05
20099,Kansas,Labette,8.09
20101,Kansas,Lane,4.09
20103,Kansas,Leavenworth,5.18
20105,Kansas,Lincoln,5
20107,Kansas,Linn,6
20109,Kansas,Logan,3.82
20111,Kansas,Lyon,9.77
20113,Kansas,McPherson,3.27
20115,Kansas,Marion,5.18
20117,Kansas,Marshall,5.05
20119,Kansas,Meade,5.14
20121,Kansas,Miami,4.18
20123,Kansas,Mitchell,4.73
20125,Kansas,Montgomery,8.64
20127,Kansas,Morris,4.05
20129,Kansas,Morton,4.91
20131,Kansas,Nemaha,5.18
20133,Kansas,Neosho,8.45
20135,Kansas,Ness,5.32
20137,Kansas,Norton,3.86
20139,Kansas,Osage,5.73
20141,Kansas,Osborne,7
20143,Kansas,Ottawa,3.59
20145,Kansas,Pawnee,3.55
20147,Kansas,Phillips,4.18
20149,Kansas,Pottawatomie,4.05
20151,Kansas,Pratt,5.59
20153,Kansas,Rawlins,4.55
20155,Kansas,Reno,5.55
20157,Kansas,Republic,5.82
20159,Kansas,Rice,6.68
20161,Kansas,Riley,10.23
20163,Kansas,Rooks,6.55
20165,Kansas,Rush,4.27
20167,Kansas,Russell,5.86
20169,Kansas,Saline,7.32
20171,Kansas,Scott,3
20173,Kansas,Sedgwick,6.86
20175,Kansas,Seward,8.68
20177,Kansas,Shawnee,6.91
20179,Kansas,Sheridan,3
20181,Kansas,Sherman,8.64
20183,Kansas,Smith,6.73
20185,Kansas,Stafford,7.32
20187,Kansas,Stanton,2.41
20189,Kansas,Stevens,8.27
20191,Kansas,Sumner,5.64
20193,Kansas,Thomas,4.41
20195,Kansas,Trego,1.86
20197,Kansas,Wabaunsee,2.68
20199,Kansas,Wallace,3.73
20201,Kansas,Washington,5.32
20203,Kansas,Wichita,4.5
20205,Kansas,Wilson,8.45
20207,Kansas,Woodson,10.36
20209,Kansas,Wyandotte,10.86
21001,Kentucky,Adair,9.82
21003,Kentucky,Allen,7.82
21005,Kentucky,Anderson,4.68
21007,Kentucky,Ballard,7.41
21009,Kentucky,Barren,9.27
21011,Kentucky,Bath,12
21013,Kentucky,Bell,17.27
21015,Kentucky,Boone,3.73
21017,Kentucky,Bourbon,7.55
21019,Kentucky,Boyd,9.27
21021,Kentucky,Boyle,7.32
21023,Kentucky,Bracken,8.41
21025,Kentucky,Breathitt,14.95
21027,Kentucky,Breckinridge,7.91
21029,Kentucky,Bullitt,4.73
21031,Kentucky,Butler,13.32
21033,Kentucky,Caldwell,9.14
21035,Kentucky,Calloway,10.5
21037,Kentucky,Campbell,6.64
21039,Kentucky,Carlisle,9
21041,Kentucky,Carroll,12.68
21043,Kentucky,Carter,8
21045,Kentucky,Casey,11.59
21047,Kentucky,Christian,9.05
21049,Kentucky,Clark,7
21051,Kentucky,Clay,18.05
21053,Kentucky,Clinton,11.05
21055,Kentucky,Crittenden,9.95
21057,Kentucky,Cumberland,11.41
21059,Kentucky,Daviess,7.09
21061,Kentucky,Edmonson,8.73
21063,Kentucky,Elliott,14.23
21065,Kentucky,Estill,13.32
21067,Kentucky,Fayette,8.59
21069,Kentucky,Fleming,9.14
21071,Kentucky,Floyd,13.64
21073,Kentucky,Franklin,6.64
21075,Kentucky,Fulton,12.45
21077,Kentucky,Gallatin,6.95
21079,Kentucky,Garrard,9.86
21081,Kentucky,Grant,8.36
21083,Kentucky,Graves,7.86
21085,Kentucky,Grayson,10.91
21087,Kentucky,Green,9.14
21089,Kentucky,Greenup,8.05
21091,Kentucky,Hancock,7.18
21093,Kentucky,Hardin,6.5
21095,Kentucky,Harlan,14.18
21097,Kentucky,Harrison,10.09
21099,Kentucky,Hart,11.32
21101,Kentucky,Henderson,8.64
21103,Kentucky,Henry,8.32
21105,Kentucky,Hickman,6.82
21107,Kentucky,Hopkins,7.82
21109,Kentucky,Jackson,14.27
21111,Kentucky,Jefferson,7.45
21113,Kentucky,Jessamine,8.68
21115,Kentucky,Johnson,11.95
21117,Kentucky,Kenton,6.64
21119,Kentucky,Knott,12.77
21121,Kentucky,Knox,14.82
21123,Kentucky,Larue,8.09
21125,Kentucky,Laurel,10.5
21127,Kentucky,Lawrence,10.32
21129,Kentucky,Lee,14.55
21131,Kentucky,Leslie,12.95
21133,Kentucky,Letcher,12.91
21135,Kentucky,Lewis,14
21137,Kentucky,Lincoln,11.36
21139,Kentucky,Livingston,6.68
21141,Kentucky,Logan,8.77
21143,Kentucky,Lyon,6.5
21145,Kentucky,McCracken,7.64
21147,Kentucky,McCreary,18.64
21149,Kentucky,McLean,9.59
21151,Kentucky,Madison,9.55
21153,Kentucky,Magoffin,13
21155,Kentucky,Marion,9.23
21157,Kentucky,Marshall,4.91
21159,Kentucky,Martin,16
21161,Kentucky,Mason,8.27
21163,Kentucky,Meade,7.59
21165,Kentucky,Menifee,13.59
21167,Kentucky,Mercer,8.32
21169,Kentucky,Metcalfe,9.95
21171,Kentucky,Monroe,12.59
21173,Kentucky,Montgomery,11.82
21175,Kentucky,Morgan,12.59
21177,Kentucky,Muhlenberg,9.05
21179,Kentucky,Nelson,7.27
21181,Kentucky,Nicholas,10.68
21183,Kentucky,Ohio,10
21185,Kentucky,Oldham,2.73
21187,Kentucky,Owen,7.64
21189,Kentucky,Owsley,17.23
21191,Kentucky,Pendleton,6.95
21193,Kentucky,Perry,11.55
21195,Kentucky,Pike,10.41
21197,Kentucky,Powell,12.77
21199,Kentucky,Pulaski,11.95
21201,Kentucky,Robertson,10
21203,Kentucky,Rockcastle,11.23
21205,Kentucky,Rowan,11.82
21207,Kentucky,Russell,11.73
21209,Kentucky,Scott,5
21211,Kentucky,Shelby,5.91
21213,Kentucky,Simpson,9.14
21215,Kentucky,Spencer,3.82
21217,Kentucky,Taylor,10.77
21219,Kentucky,Todd,8.41
21221,Kentucky,Trigg,8.09
21223,Kentucky,Trimble,7.91
21225,Kentucky,Union,12.59
21227,Kentucky,Warren,8.55
21229,Kentucky,Washington,8
21231,Kentucky,Wayne,12.27
21233,Kentucky,Webster,8
21235,Kentucky,Whitley,11.82
21237,Kentucky,Wolfe,19.55
21239,Kentucky,Woodford,5.95
22001,Louisiana,Acadia,9.36
22003,Louisiana,Allen,7.5
22005,Louisiana,Ascension,5.36
22007,Louisiana,Assumption,7.27
22009,Louisiana,Avoyelles,10.55
22011,Louisiana,Beauregard,9.18
22013,Louisiana,Bienville,12.5
22015,Louisiana,Bossier,6.5
22017,Louisiana,Caddo,9.77
22019,Louisiana,Calcasieu,7.77
22021,Louisiana,Caldwell,9.82
22023,Louisiana,Cameron,4.41
22025,Louisiana,Catahoula,9.27
22027,Louisiana,Claiborne,12.59
22029,Louisiana,Concordia,13.86
22031,Louisiana,De Soto,12
22033,Louisiana,East Baton Rouge,8.91
22035,Louisiana,East Carroll,21.82
22037,Louisiana,East Feliciana,8.82
22039,Louisiana,Evangeline,12.09
22041,Louisiana,Franklin,13.95
22043,Louisiana,Grant,8.32
22045,Louisiana,Iberia,8.91
22047,Louisiana,Iberville,8.68
22049,Louisiana,Jackson,12.05
22051,Louisiana,Jefferson,7.64
22053,Louisiana,Jefferson Davis,9.59
22055,Louisiana,Lafayette,7.27
22057,Louisiana,Lafourche,6.73
22059,Louisiana,LaSalle,9.55
22061,Louisiana,Lincoln,14.59
22063,Louisiana,Livingston,6.55
22065,Louisiana,Madison,17.45
22067,Louisiana,Morehouse,12.95
22069,Louisiana,Natchitoches,13.27
22071,Louisiana,Orleans,12.27
22073,Louisiana,Ouachita,11.23
22075,Louisiana,Plaquemines,7.36
22077,Louisiana,Pointe Coupee,8.91
22079,Louisiana,Rapides,9.45
22081,Louisiana,Red River,10.14
22083,Louisiana,Richland,9.5
22085,Louisiana,Sabine,8.86
22087,Louisiana,St. Bernard,8.77
22089,Louisiana,St. Charles,5.36
22091,Louisiana,St. Helena,12.23
22093,Louisiana,St. James,8.18
22095,Louisiana,St. John the Baptist,8.27
22097,Louisiana,St. Landry,12.68
22099,Louisiana,St. Martin,8.14
22101,Louisiana,St. Mary,10.18
22103,Louisiana,St. Tammany,5.18
22105,Louisiana,Tangipahoa,10.09
22107,Louisiana,Tensas,16.09
22109,Louisiana,Terrebonne,8.86
22111,Louisiana,Union,12.77
22113,Louisiana,Vermilion,8.09
22115,Louisiana,Vernon,6.68
22117,Louisiana,Washington,12
22119,Louisiana,Webster,10.73
22121,Louisiana,West Baton Rouge,8.82
22123,Louisiana,West Carroll,11.73
22125,Louisiana,West Feliciana,7.27
22127,Louisiana,Winn,12
23001,Maine,Androscoggin,7.14
23003,Maine,Aroostook,8.41
23005,Maine,Cumberland,5.27
23007,Maine,Franklin,6.73
23009,Maine,Hancock,6.14
23011,Maine,Kennebec,6.27
23013,Maine,Knox,5.09
23015,Maine,Lincoln,5.5
23017,Maine,Oxford,7.95
23019,Maine,Penobscot,7.73
23021,Maine,Piscataquis,9.5
23023,Maine,Sagadahoc,5.5
23025,Maine,Somerset,8
23027,Maine,Waldo,7.45
23029,Maine,Washington,8.68
23031,Maine,York,4.45
24001,Maryland,Allegany,8.18
24003,Maryland,Anne Arundel,2.68
24005,Maryland,Baltimore,4.27
24009,Maryland,Calvert,2.64
24011,Maryland,Caroline,7.18
24013,Maryland,Carroll,2.55
24015,Maryland,Cecil,4.59
24017,Maryland,Charles,3.59
24019,Maryland,Dorchester,7.5
24021,Maryland,Frederick,3.09
24023,Maryland,Garrett,5.64
24025,Maryland,Harford,3.64
24027,Maryland,Howard,2.36
24029,Maryland,Kent,5.09
24031,Maryland,Montgomery,3.05
24033,Maryland,Prince George's,4.36
24035,Maryland,Queen Anne's,3.41
24037,Maryland,St. Mary's,3.59
24039,Maryland,Somerset,11.23
24041,Maryland,Talbot,5.09
24043,Maryland,Washington,5.86
24045,Maryland,Wicomico,7.23
24047,Maryland,Worcester,5
24510,Maryland,Baltimore city,10.77
25001,Massachusetts,Barnstable,3.95
25003,Massachusetts,Berkshire,5.91
25005,Massachusetts,Bristol,5.77
25007,Massachusetts,Dukes,5.32
25009,Massachusetts,Essex,5.18
25011,Massachusetts,Franklin,5.32
25013,Massachusetts,Hampden,7.95
25015,Massachusetts,Hampshire,6.68
25017,Massachusetts,Middlesex,3.77
25019,Massachusetts,Nantucket,5.27
25021,Massachusetts,Norfolk,3
25023,Massachusetts,Plymouth,3.73
25025,Massachusetts,Suffolk,9.41
25027,Massachusetts,Worcester,5.36
26001,Michigan,Alcona,6.91
26003,Michigan,Alger,6.5
26005,Michigan,Allegan,5.77
26007,Michigan,Alpena,7.82
26009,Michigan,Antrim,6.59
26011,Michigan,Arenac,9.05
26013,Michigan,Baraga,7.09
26015,Michigan,Barry,5
26017,Michigan,Bay,6.82
26019,Michigan,Benzie,5.27
26021,Michigan,Berrien,8.05
26023,Michigan,Branch,8.05
26025,Michigan,Calhoun,7.95
26027,Michigan,Cass,6.68
26029,Michigan,Charlevoix,5.59
26031,Michigan,Cheboygan,8.27
26033,Michigan,Chippewa,8.59
26035,Michigan,Clare,11.86
26037,Michigan,Clinton,5.36
26039,Michigan,Crawford,6.91
26041,Michigan,Delta,7.82
26043,Michigan,Dickinson,6.27
26045,Michigan,Eaton,4.91
26047,Michigan,Emmet,4.91
26049,Michigan,Genesee,9.5
26051,Michigan,Gladwin,9.41
26053,Michigan,Gogebic,9.18
26055,Michigan,Grand Traverse,5
26057,Michigan,Gratiot,8.59
26059,Michigan,Hillsdale,9.14
26061,Michigan,Houghton,9.73
26063,Michigan,Huron,6.41
26065,Michigan,Ingham,10.18
26067,Michigan,Ionia,6.86
26069,Michigan,Iosco,8.05
26071,Michigan,Iron,7.09
26073,Michigan,Isabella,13.73
26075,Michigan,Jackson,7.73
26077,Michigan,Kalamazoo,8.32
26079,Michigan,Kalkaska,7.73
26081,Michigan,Kent,6.95
26083,Michigan,Keweenaw,6.95
26085,Michigan,Lake,13.05
26087,Michigan,Lapeer,4.82
26089,Michigan,Leelanau,4.73
26091,Michigan,Lenawee,6.5
26093,Michigan,Livingston,2.68
26095,Michigan,Luce,8.86
26097,Michigan,Mackinac,7.23
26099,Michigan,Macomb,5.73
26101,Michigan,Manistee,7.68
26103,Michigan,Marquette,7.73
26105,Michigan,Mason,7.82
26107,Michigan,Mecosta,10.5
26109,Michigan,Menominee,7.36
26111,Michigan,Midland,6.05
26113,Michigan,Missaukee,7.64
26115,Michigan,Monroe,5.14
26117,Michigan,Montcalm,8.27
26119,Michigan,Montmorency,7.68
26121,Michigan,Muskegon,8.73
26123,Michigan,Newaygo,8.27
26125,Michigan,Oakland,4.59
26127,Michigan,Oceana,9.27
26129,Michigan,Ogemaw,9.91
26131,Michigan,Ontonagon,7.05
26133,Michigan,Osceola,10
26135,Michigan,Oscoda,9
26137,Michigan,Otsego,6.27
26139,Michigan,Ottawa,4.73
26141,Michigan,Presque Isle,6.23
26143,Michigan,Roscommon,9.36
26145,Michigan,Saginaw,8.32
26147,Michigan,St. Clair,6.64
26149,Michigan,St. Joseph,7.82
26151,Michigan,Sanilac,7.14
26153,Michigan,Schoolcraft,9.73
26155,Michigan,Shiawassee,6.55
26157,Michigan,Tuscola,7.14
26159,Michigan,Van Buren,8.55
26161,Michigan,Washtenaw,7
26163,Michigan,Wayne,11.36
26165,Michigan,Wexford,7.91
27001,Minnesota,Aitkin,5.64
27003,Minnesota,Anoka,3.5
27005,Minnesota,Becker,5.82
27007,Minnesota,Beltrami,8.55
27009,Minnesota,Benton,6.77
27011,Minnesota,Big Stone,6.55
27013,Minnesota,Blue Earth,8.68
27015,Minnesota,Brown,3.55
27017,Minnesota,Carlton,6.23
27019,Minnesota,Carver,2
27021,Minnesota,Cass,7.55
27023,Minnesota,Chippewa,5.55
27025,Minnesota,Chisago,2.5
27027,Minnesota,Clay,5.77
27029,Minnesota,Clearwater,7.68
27031,Minnesota,Cook,5.18
27033,Minnesota,Cottonwood,7.64
27035,Minnesota,Crow Wing,5.14
27037,Minnesota,Dakota,3.5
27039,Minnesota,Dodge,3.05
27041,Minnesota,Douglas,4.36
27043,Minnesota,Faribault,6.14
27045,Minnesota,Fillmore,5.05
27047,Minnesota,Freeborn,5.5
27049,Minnesota,Goodhue,5.09
27051,Minnesota,Grant,4.14
27053,Minnesota,Hennepin,5.68
27055,Minnesota,Houston,5
27057,Minnesota,Hubbard,5.27
27059,Minnesota,Isanti,3.36
27061,Minnesota,Itasca,6.18
27063,Minnesota,Jackson,4.91
27065,Minnesota,Kanabec,6.45
27067,Minnesota,Kandiyohi,5.32
27069,Minnesota,Kittson,4.95
27071,Minnesota,Koochiching,6.91
27073,Minnesota,Lac qui Parle,3.73
27075,Minnesota,Lake,5.91
27077,Minnesota,Lake of the Woods,4.23
27079,Minnesota,Le Sueur,4.14
27081,Minnesota,Lincoln,4.23
27083,Minnesota,Lyon,6.41
27085,Minnesota,McLeod,3.68
27087,Minnesota,Mahnomen,11.32
27089,Minnesota,Marshall,3.59
27091,Minnesota,Martin,5.18
27093,Minnesota,Meeker,4.59
27095,Minnesota,Mille Lacs,5.55
27097,Minnesota,Morrison,5.14
27099,Minnesota,Mower,6.36
27101,Minnesota,Murray,4.18
27103,Minnesota,Nicollet,5.64
27105,Minnesota,Nobles,7.09
27107,Minnesota,Norman,5.86
27109,Minnesota,Olmsted,4.09
27111,Minnesota,Otter Tail,4.55
27113,Minnesota,Pennington,4.23
27115,Minnesota,Pine,6.64
27117,Minnesota,Pipestone,5.86
27119,Minnesota,Polk,5.95
27121,Minnesota,Pope,4.27
27123,Minnesota,Ramsey,7.5
27125,Minnesota,Red Lake,4.86
27127,Minnesota,Redwood,5.36
27129,Minnesota,Renville,5.05
27131,Minnesota,Rice,5.18
27133,Minnesota,Rock,5.18
27135,Minnesota,Roseau,4.86
27137,Minnesota,St. Louis,7.27
27139,Minnesota,Scott,2.59
27141,Minnesota,Sherburne,3.59
27143,Minnesota,Sibley,4.86
27145,Minnesota,Stearns,6.14
27147,Minnesota,Steele,4.73
27149,Minnesota,Stevens,8.36
27151,Minnesota,Swift,5.68
27153,Minnesota,Todd,6.68
27155,Minnesota,Traverse,4.64
27157,Minnesota,Wabasha,3.32
27159,Minnesota,Wadena,7.45
27161,Minnesota,Waseca,3.95
27163,Minnesota,Washington,2.45
27165,Minnesota,Watonwan,4.91
27167,Minnesota,Wilkin,4.5
27169,Minnesota,Winona,6.68
27171,Minnesota,Wright,2.82
27173,Minnesota,Yellow Medicine,5.41
28001,Mississippi,Adams,13.68
28003,Mississippi,Alcorn,9.64
28005,Mississippi,Amite,10.18
28007,Mississippi,Attala,11.82
28009,Mississippi,Benton,9.55
28011,Mississippi,Bolivar,16.86
28013,Mississippi,Calhoun,11.77
28015,Mississippi,Carroll,9.36
28017,Mississippi,Chickasaw,11.95
28019,Mississippi,Choctaw,11.91
28021,Mississippi,Claiborne,19.09
28023,Mississippi,Clarke,9.68
28025,Mississippi,Clay,12.09
28027,Mississippi,Coahoma,15.5
28029,Mississippi,Copiah,12.36
28031,Mississippi,Covington,12.27
28033,Mississippi,DeSoto,4.45
28035,Mississippi,Forrest,12.64
28037,Mississippi,Franklin,8.59
28039,Mississippi,George,8.36
28041,Mississippi,Greene,6.59
28043,Mississippi,Grenada,10.14
28045,Mississippi,Hancock,9.82
28047,Mississippi,Harrison,9.45
28049,Mississippi,Hinds,11.77
28051,Mississippi,Holmes,19.73
28053,Mississippi,Humphreys,18.05
28055,Mississippi,Issaquena,18.32
28057,Mississippi,Itawamba,8.55
28059,Mississippi,Jackson,7
28061,Mississippi,Jasper,10.86
28063,Mississippi,Jefferson,22.14
28065,Mississippi,Jefferson Davis,15.59
28067,Mississippi,Jones,10.32
28069,Mississippi,Kemper,13.86
28071,Mississippi,Lafayette,11.73
28073,Mississippi,Lamar,7.59
28075,Mississippi,Lauderdale,10.36
28077,Mississippi,Lawrence,10
28079,Mississippi,Leake,12.36
28081,Mississippi,Lee,8.32
28083,Mississippi,Leflore,19.05
28085,Mississippi,Lincoln,12.09
28087,Mississippi,Lowndes,10.68
28089,Mississippi,Madison,6.14
28091,Mississippi,Marion,12.91
28093,Mississippi,Marshall,8.64
28095,Mississippi,Monroe,9.05
28097,Mississippi,Montgomery,13.45
28099,Mississippi,Neshoba,10.91
28101,Mississippi,Newton,10.27
28103,Mississippi,Noxubee,16.55
28105,Mississippi,Oktibbeha,15.32
28107,Mississippi,Panola,10.36
28109,Mississippi,Pearl River,9.77
28111,Mississippi,Perry,8.59
28113,Mississippi,Pike,13.23
28115,Mississippi,Pontotoc,7.36
28117,Mississippi,Prentiss,9.59
28119,Mississippi,Quitman,17.95
28121,Mississippi,Rankin,4.55
28123,Mississippi,Scott,12.59
28125,Mississippi,Sharkey,13.32
28127,Mississippi,Simpson,11.86
28129,Mississippi,Smith,10.73
28131,Mississippi,Stone,8.14
28133,Mississippi,Sunflower,16.14
28135,Mississippi,Tallahatchie,11.32
28137,Mississippi,Tate,7.95
28139,Mississippi,Tippah,11.14
28141,Mississippi,Tishomingo,7.45
28143,Mississippi,Tunica,12.41
28145,Mississippi,Union,10.23
28147,Mississippi,Walthall,13.05
28149,Mississippi,Warren,10.27
28151,Mississippi,Washington,16.36
28153,Mississippi,Wayne,12.36
28155,Mississippi,Webster,10.32
28157,Mississippi,Wilkinson,14.68
28159,Mississippi,Winston,13.41
28161,Mississippi,Yalobusha,9.23
28163,Mississippi,Yazoo,15.05
29001,Missouri,Adair,12.23
29003,Missouri,Andrew,4.09
29005,Missouri,Atchison,5.91
29007,Missouri,Audrain,8.41
29009,Missouri,Barry,9.14
29011,Missouri,Barton,11
29013,Missouri,Bates,8.41
29015,Missouri,Benton,8.68
29017,Missouri,Bollinger,9.86
29019,Missouri,Boone,8.95
29021,Missouri,Buchanan,8.23
29023,Missouri,Butler,9.68
29025,Missouri,Caldwell,6.09
29027,Missouri,Callaway,6.55
29029,Missouri,Camden,7.86
29031,Missouri,Cape Girardeau,8.32
29033,Missouri,Carroll,6.5
29035,Missouri,Carter,9.68
29037,Missouri,Cass,4.5
29039,Missouri,Cedar,11.32
29041,Missouri,Chariton,7.45
29043,Missouri,Christian,5.05
29045,Missouri,Clark,6.23
29047,Missouri,Clay,4
29049,Missouri,Clinton,4.23
29051,Missouri,Cole,5.86
29053,Missouri,Cooper,6.68
29055,Missouri,Crawford,9.55
29057,Missouri,Dade,9.05
29059,Missouri,Dallas,9.95
29061,Missouri,Daviess,7.59
29063,Missouri,DeKalb,6.82
29065,Missouri,Dent,10.82
29067,Missouri,Douglas,10.09
29069,Missouri,Dunklin,12.59
29071,Missouri,Franklin,5.41
29073,Missouri,Gasconade,7.23
29075,Missouri,Gentry,7.73
29077,Missouri,Greene,8.64
29079,Missouri,Grundy,9.23
29081,Missouri,Harrison,7.95
29083,Missouri,Henry,8.77
29085,Missouri,Hickory,11.82
29087,Missouri,Holt,5.64
29089,Missouri,Howard,7.59
29091,Missouri,Howell,10.55
29093,Missouri,Iron,10.64
29095,Missouri,Jackson,8.14
29097,Missouri,Jasper,7.77
29099,Missouri,Jefferson,4.95
29101,Missouri,Johnson,7.73
29103,Missouri,Knox,9.5
29105,Missouri,Laclede,8.86
29107,Missouri,Lafayette,5.23
29109,Missouri,Lawrence,8.55
29111,Missouri,Lewis,5.82
29113,Missouri,Lincoln,6.82
29115,Missouri,Linn,8.14
29117,Missouri,Livingston,7.55
29119,Missouri,McDonald,9.86
29121,Missouri,Macon,8.68
29123,Missouri,Madison,8.36
29125,Missouri,Maries,8.73
29127,Missouri,Marion,8.32
29129,Missouri,Mercer,7.27
29131,Missouri,Miller,9.14
29133,Missouri,Mississippi,13.27
29135,Missouri,Moniteau,5.91
29137,Missouri,Monroe,6.68
29139,Missouri,Montgomery,8
29141,Missouri,Morgan,10.91
29143,Missouri,New Madrid,10.36
29145,Missouri,Newton,6.59
29147,Missouri,Nodaway,13
29149,Missouri,Oregon,11.95
29151,Missouri,Osage,3.82
29153,Missouri,Ozark,11.05
29155,Missouri,Pemiscot,13.14
29157,Missouri,Perry,4.36
29159,Missouri,Pettis,8.23
29161,Missouri,Phelps,8.82
29163,Missouri,Pike,6.95
29165,Missouri,Platte,3.5
29167,Missouri,Polk,8.41
29169,Missouri,Pulaski,6
29171,Missouri,Putnam,8.73
29173,Missouri,Ralls,5.64
29175,Missouri,Randolph,8.68
29177,Missouri,Ray,7.23
29179,Missouri,Reynolds,9.64
29181,Missouri,Ripley,10.36
29183,Missouri,St. Charles,2.86
29185,Missouri,St. Clair,10.59
29186,Missouri,Ste. Genevieve,6.5
29187,Missouri,St. Francois,8.77
29189,Missouri,St. Louis,4.95
29195,Missouri,Saline,7.86
29197,Missouri,Schuyler,9.64
29199,Missouri,Scotland,7.09
29201,Missouri,Scott,8.91
29203,Missouri,Shannon,10.77
29205,Missouri,Shelby,8.36
29207,Missouri,Stoddard,7.14
29209,Missouri,Stone,7.55
29211,Missouri,Sullivan,7.55
29213,Missouri,Taney,8.64
29215,Missouri,Texas,9.86
29217,Missouri,Vernon,8.55
29219,Missouri,Warren,6.27
29221,Missouri,Washington,9.64
29223,Missouri,Wayne,10.23
29225,Missouri,Webster,8.59
29227,Missouri,Worth,6.59
29229,Missouri,Wright,11.55
29510,Missouri,St. Louis city,12.32
30001,Montana,Beaverhead,7.41
30003,Montana,Big Horn,13.27
30005,Montana,Blaine,12.59
30007,Montana,Broadwater,4.5
30009,Montana,Carbon,5.09
30011,Montana,Carter,5.36
30013,Montana,Cascade,6.95
30015,Montana,Chouteau,10.55
30017,Montana,Custer,5.14
30019,Montana,Daniels,2.64
30021,Montana,Dawson,6.18
30023,Montana,Deer Lodge,7.86
30025,Montana,Fallon,3
30027,Montana,Fergus,5.23
30029,Montana,Flathead,6.05
30031,Montana,Gallatin,6
30033,Montana,Garfield,4.18
30035,Montana,Glacier,15.09
30037,Montana,Golden Valley,12.09
30039,Montana,Granite,6.77
30041,Montana,Hill,9.64
30043,Montana,Jefferson,4.32
30045,Montana,Judith Basin,6.41
30047,Montana,Lake,10.27
30049,Montana,Lewis and Clark,5.55
30051,Montana,Liberty,8.09
30053,Montana,Lincoln,8.45
30055,Montana,McCone,4.09
30057,Montana,Madison,4.86
30059,Montana,Meagher,6.41
30061,Montana,Mineral,7.82
30063,Montana,Missoula,7.27
30065,Montana,Musselshell,7.45
30067,Montana,Park,5.59
30069,Montana,Petroleum,3.09
30071,Montana,Phillips,7.23
30073,Montana,Pondera,9.5
30075,Montana,Powder River,4.23
30077,Montana,Powell,6.27
30079,Montana,Prairie,8.09
30081,Montana,Ravalli,8.18
30083,Montana,Richland,5.18
30085,Montana,Roosevelt,12.64
30087,Montana,Rosebud,9.36
30089,Montana,Sanders,10.18
30091,Montana,Sheridan,4.77
30093,Montana,Silver Bow,9.14
30095,Montana,Stillwater,3.55
30097,Montana,Sweet Grass,5.77
30099,Montana,Teton,5.5
30101,Montana,Toole,8.73
30103,Montana,Treasure,9.95
30105,Montana,Valley,5.45
30107,Montana,Wheatland,8.95
30109,Montana,Wibaux,6.95
30111,Montana,Yellowstone,5.23
31001,Nebraska,Adams,5.36
31003,Nebraska,Antelope,5.77
31005,Nebraska,Arthur,3.64
31007,Nebraska,Banner,5.32
31009,Nebraska,Blaine,8.73
31011,Nebraska,Boone,4.59
31013,Nebraska,Box Butte,7.73
31015,Nebraska,Boyd,5
31017,Nebraska,Brown,7.5
31019,Nebraska,Buffalo,5.95
31021,Nebraska,Burt,4.32
31023,Nebraska,Butler,3.86
31025,Nebraska,Cass,2.82
31027,Nebraska,Cedar,4.64
31029,Nebraska,Chase,4.05
31031,Nebraska,Cherry,5.18
31033,Nebraska,Cheyenne,5.27
31035,Nebraska,Clay,4.23
31037,Nebraska,Colfax,6.05
31039,Nebraska,Cuming,5.45
31041,Nebraska,Custer,5.14
31043,Nebraska,Dakota,7.82
31045,Nebraska,Dawes,8.09
31047,Nebraska,Dawson,6.95
31049,Nebraska,Deuel,5.86
31051,Nebraska,Dixon,5.41
31053,Nebraska,Dodge,5.18
31055,Nebraska,Douglas,6.64
31057,Nebraska,Dundy,3.45
31059,Nebraska,Fillmore,4.27
31061,Nebraska,Franklin,5.95
31063,Nebraska,Frontier,5.73
31065,Nebraska,Furnas,7.82
31067,Nebraska,Gage,4.41
31069,Nebraska,Garden,4.64
31071,Nebraska,Garfield,4.64
31073,Nebraska,Gosper,2.59
31075,Nebraska,Grant,6.05
31077,Nebraska,Greeley,4.55
31079,Nebraska,Hall,6.95
31081,Nebraska,Hamilton,3.95
31083,Nebraska,Harlan,6
31085,Nebraska,Hayes,2.86
31087,Nebraska,Hitchcock,7.91
31089,Nebraska,Holt,5.36
31091,Nebraska,Hooker,8.59
31093,Nebraska,Howard,4.73
31095,Nebraska,Jefferson,5.68
31097,Nebraska,Johnson,5.36
31099,Nebraska,Kearney,2.86
31101,Nebraska,Keith,5.27
31103,Nebraska,Keya Paha,6.77
31105,Nebraska,Kimball,6.18
31107,Nebraska,Knox,6.14
31109,Nebraska,Lancaster,6.68
31111,Nebraska,Lincoln,5.82
31113,Nebraska,Logan,5
31115,Nebraska,Loup,5.64
31117,Nebraska,McPherson,6.73
31119,Nebraska,Madison,6.82
31121,Nebraska,Merrick,4.05
31123,Nebraska,Morrill,5.32
31125,Nebraska,Nance,6.27
31127,Nebraska,Nemaha,3.91
31129,Nebraska,Nuckolls,5.36
31131,Nebraska,Otoe,4.95
31133,Nebraska,Pawnee,7.55
31135,Nebraska,Perkins,3.14
31137,Nebraska,Phelps,3.59
31139,Nebraska,Pierce,2.73
31141,Nebraska,Platte,3.86
31143,Nebraska,Polk,3.45
31145,Nebraska,Red Willow,4.82
31147,Nebraska,Richardson,8.82
31149,Nebraska,Rock,5.5
31151,Nebraska,Saline,5.09
31153,Nebraska,Sarpy,2.91
31155,Nebraska,Saunders,4.41
31157,Nebraska,Scotts Bluff,6.23
31159,Nebraska,Seward,4.27
31161,Nebraska,Sheridan,7.5
31163,Nebraska,Sherman,6.14
31165,Nebraska,Sioux,5.68
31167,Nebraska,Stanton,5.27
31169,Nebraska,Thayer,5.45
31171,Nebraska,Thomas,3.73
31173,Nebraska,Thurston,13.91
31175,Nebraska,Valley,5.86
31177,Nebraska,Washington,4.32
31179,Nebraska,Wayne,6.18
31181,Nebraska,Webster,5.82
31183,Nebraska,Wheeler,3.27
31185,Nebraska,York,4.91
32001,Nevada,Churchill,7.23
32003,Nevada,Clark,7.14
32005,Nevada,Douglas,4.82
32007,Nevada,Elko,5
32009,Nevada,Esmeralda,7.77
32011,Nevada,Eureka,4.41
32013,Nevada,Humboldt,4.77
32015,Nevada,Lander,5.23
32017,Nevada,Lincoln,5.95
32019,Nevada,Lyon,7.5
32021,Nevada,Mineral,9.18
32023,Nevada,Nye,8.27
32027,Nevada,Pershing,7.95
32029,Nevada,Storey,3.41
32031,Nevada,Washoe,6.91
32033,Nevada,White Pine,5.23
32510,Nevada,Carson City,7.64
33001,New Hampshire,Belknap,4.77
33003,New Hampshire,Carroll,4.32
33005,New Hampshire,Cheshire,5.36
33007,New Hampshire,Coos,6.41
33009,New Hampshire,Grafton,5.27
33011,New Hampshire,Hillsborough,4
33013,New Hampshire,Merrimack,4.14
33015,New Hampshire,Rockingham,2.5
33017,New Hampshire,Strafford,5.05
33019,New Hampshire,Sullivan,4.41
34001,New Jersey,Atlantic,6.91
34003,New Jersey,Bergen,3.36
34005,New Jersey,Burlington,2.91
34007,New Jersey,Camden,6
34009,New Jersey,Cape May,4.73
34011,New Jersey,Cumberland,8.14
34013,New Jersey,Essex,7.86
34015,New Jersey,Gloucester,3.68
34017,New Jersey,Hudson,7.95
34019,New Jersey,Hunterdon,2
34021,New Jersey,Mercer,5.23
34023,New Jersey,Middlesex,4
34025,New Jersey,Monmouth,3.41
34027,New Jersey,Morris,2.05
34029,New Jersey,Ocean,5.14
34031,New Jersey,Passaic,7.59
34033,New Jersey,Salem,6.14
34035,New Jersey,Somerset,2.27
34037,New Jersey,Sussex,2.59
34039,New Jersey,Union,4.95
34041,New Jersey,Warren,3.64
35001,New Mexico,Bernalillo,8.82
35003,New Mexico,Catron,7.82
35005,New Mexico,Chaves,9.95
35006,New Mexico,Cibola,13.32
35007,New Mexico,Colfax,9.05
35009,New Mexico,Curry,9.55
35011,New Mexico,De Baca,10.36
35013,New Mexico,Doa Ana,12.82
35015,New Mexico,Eddy,5.14
35017,New Mexico,Grant,9.45
35019,New Mexico,Guadalupe,6.41
35021,New Mexico,Harding,4.73
35023,New Mexico,Hidalgo,10.59
35025,New Mexico,Lea,6.82
35027,New Mexico,Lincoln,7.5
35028,New Mexico,Los Alamos,2.77
35029,New Mexico,Luna,13.45
35031,New Mexico,McKinley,17.05
35033,New Mexico,Mora,10.64
35035,New Mexico,Otero,10.5
35037,New Mexico,Quay,7.77
35039,New Mexico,Rio Arriba,10.77
35041,New Mexico,Roosevelt,11.95
35043,New Mexico,Sandoval,6.45
35045,New Mexico,San Juan,9.14
35047,New Mexico,San Miguel,13.5
35049,New Mexico,Santa Fe,7.09
35051,New Mexico,Sierra,9.45
35053,New Mexico,Socorro,11.41
35055,New Mexico,Taos,11
35057,New Mexico,Torrance,14.68
35059,New Mexico,Union,6.09
35061,New Mexico,Valencia,10.77
36001,New York,Albany,6.14
36003,New York,Allegany,7.68
36005,New York,Bronx,13.95
36007,New York,Broome,8.14
36009,New York,Cattaraugus,8.32
36011,New York,Cayuga,5.45
36013,New York,Chautauqua,8.59
36015,New York,Chemung,7.18
36017,New York,Chenango,7.23
36019,New York,Clinton,7.5
36021,New York,Columbia,5.32
36023,New York,Cortland,6.68
36025,New York,Delaware,6.95
36027,New York,Dutchess,4.23
36029,New York,Erie,6.82
36031,New York,Essex,4.86
36033,New York,Franklin,9.23
36035,New York,Fulton,7.77
36037,New York,Genesee,6
36039,New York,Greene,5.86
36041,New York,Hamilton,5.86
36043,New York,Herkimer,6.64
36045,New York,Jefferson,6.86
36047,New York,Kings,10.55
36049,New York,Lewis,5.5
36051,New York,Livingston,6.73
36053,New York,Madison,5.55
36055,New York,Monroe,6.91
36057,New York,Montgomery,9.36
36059,New York,Nassau,2.82
36061,New York,New York,8.14
36063,New York,Niagara,6.23
36065,New York,Oneida,7.77
36067,New York,Onondaga,7
36069,New York,Ontario,4.73
36071,New York,Orange,5.82
36073,New York,Orleans,7.14
36075,New York,Oswego,8.45
36077,New York,Otsego,7.5
36079,New York,Putnam,2.41
36081,New York,Queens,6.86
36083,New York,Rensselaer,5.64
36085,New York,Richmond,5.68
36087,New York,Rockland,6.64
36089,New York,St. Lawrence,8.82
36091,New York,Saratoga,3
36093,New York,Schenectady,5.73
36095,New York,Schoharie,5.86
36097,New York,Schuyler,6.59
36099,New York,Seneca,5.77
36101,New York,Steuben,7.41
36103,New York,Suffolk,3.18
36105,New York,Sullivan,7.95
36107,New York,Tioga,4.36
36109,New York,Tompkins,9.32
36111,New York,Ulster,5.82
36113,New York,Warren,5.45
36115,New York,Washington,6.14
36117,New York,Wayne,5.77
36119,New York,Westchester,4.36
36121,New York,Wyoming,5.36
36123,New York,Yates,6.55
37001,North Carolina,Alamance,8.73
37003,North Carolina,Alexander,7.82
37005,North Carolina,Alleghany,8.36
37007,North Carolina,Anson,11
37009,North Carolina,Ashe,9.41
37011,North Carolina,Avery,7
37013,North Carolina,Beaufort,8.36
37015,North Carolina,Bertie,10.14
37017,North Carolina,Bladen,12.45
37019,North Carolina,Brunswick,7.41
37021,North Carolina,Buncombe,7.23
37023,North Carolina,Burke,9.05
37025,North Carolina,Cabarrus,5.68
37027,North Carolina,Caldwell,8.91
37029,North Carolina,Camden,3.59
37031,North Carolina,Carteret,6.82
37033,North Carolina,Caswell,9.5
37035,North Carolina,Catawba,7.05
37037,North Carolina,Chatham,6.18
37039,North Carolina,Cherokee,9.09
37041,North Carolina,Chowan,12.09
37043,North Carolina,Clay,9.59
37045,North Carolina,Cleveland,9.14
37047,North Carolina,Columbus,10.68
37049,North Carolina,Craven,7.09
37051,North Carolina,Cumberland,7.95
37053,North Carolina,Currituck,4.68
37055,North Carolina,Dare,3.77
37057,North Carolina,Davidson,7.23
37059,North Carolina,Davie,5.77
37061,North Carolina,Duplin,12.14
37063,North Carolina,Durham,8.18
37065,North Carolina,Edgecombe,11.95
37067,North Carolina,Forsyth,8.91
37069,North Carolina,Franklin,7.18
37071,North Carolina,Gaston,7.91
37073,North Carolina,Gates,6.45
37075,North Carolina,Graham,9.95
37077,North Carolina,Granville,7.41
37079,North Carolina,Greene,11.68
37081,North Carolina,Guilford,8
37083,North Carolina,Halifax,11.95
37085,North Carolina,Harnett,8.32
37087,North Carolina,Haywood,7.82
37089,North Carolina,Henderson,6.27
37091,North Carolina,Hertford,11.64
37093,North Carolina,Hoke,10.09
37095,North Carolina,Hyde,8.05
37097,North Carolina,Iredell,6.36
37099,North Carolina,Jackson,10
37101,North Carolina,Johnston,7
37103,North Carolina,Jones,9.77
37105,North Carolina,Lee,8.23
37107,North Carolina,Lenoir,10.55
37109,North Carolina,Lincoln,7.05
37111,North Carolina,McDowell,9.18
37113,North Carolina,Macon,8.68
37115,North Carolina,Madison,8.23
37117,North Carolina,Martin,9.68
37119,North Carolina,Mecklenburg,6.91
37121,North Carolina,Mitchell,8.86
37123,North Carolina,Montgomery,11.41
37125,North Carolina,Moore,6.91
37127,North Carolina,Nash,8.41
37129,North Carolina,New Hanover,8.05
37131,North Carolina,Northampton,12.77
37133,North Carolina,Onslow,6.64
37135,North Carolina,Orange,7.18
37137,North Carolina,Pamlico,6.18
37139,North Carolina,Pasquotank,8.73
37141,North Carolina,Pender,8.41
37143,North Carolina,Perquimans,8.91
37145,North Carolina,Person,9.05
37147,North Carolina,Pitt,11.59
37149,North Carolina,Polk,6.32
37151,North Carolina,Randolph,8
37153,North Carolina,Richmond,11.68
37155,North Carolina,Robeson,14.36
37157,North Carolina,Rockingham,8.5
37159,North Carolina,Rowan,8.23
37161,North Carolina,Rutherford,9.05
37163,North Carolina,Sampson,11.59
37165,North Carolina,Scotland,14.18
37167,North Carolina,Stanly,8.05
37169,North Carolina,Stokes,7.73
37171,North Carolina,Surry,8.95
37173,North Carolina,Swain,11.14
37175,North Carolina,Transylvania,5.73
37177,North Carolina,Tyrrell,9.91
37179,North Carolina,Union,4.64
37181,North Carolina,Vance,11.41
37183,North Carolina,Wake,5.14
37185,North Carolina,Warren,10.95
37187,North Carolina,Washington,9.91
37189,North Carolina,Watauga,14.27
37191,North Carolina,Wayne,10.14
37193,North Carolina,Wilkes,10.59
37195,North Carolina,Wilson,10.5
37197,North Carolina,Yadkin,9.23
37199,North Carolina,Yancey,9.86
38001,North Dakota,Adams,4.36
38003,North Dakota,Barnes,3.64
38005,North Dakota,Benson,15.23
38007,North Dakota,Billings,4.68
38009,North Dakota,Bottineau,3.86
38011,North Dakota,Bowman,3.36
38013,North Dakota,Burke,6.18
38015,North Dakota,Burleigh,3.73
38017,North Dakota,Cass,5.5
38019,North Dakota,Cavalier,2.18
38021,North Dakota,Dickey,3.73
38023,North Dakota,Divide,3.59
38025,North Dakota,Dunn,5.73
38027,North Dakota,Eddy,6.23
38029,North Dakota,Emmons,5.14
38031,North Dakota,Foster,4.36
38033,North Dakota,Golden Valley,4.55
38035,North Dakota,Grand Forks,7.95
38037,North Dakota,Grant,6.77
38039,North Dakota,Griggs,3.64
38041,North Dakota,Hettinger,4
38043,North Dakota,Kidder,3.45
38045,North Dakota,LaMoure,4.32
38047,North Dakota,Logan,3.68
38049,North Dakota,McHenry,5.86
38051,North Dakota,McIntosh,5.32
38053,North Dakota,McKenzie,6.23
38055,North Dakota,McLean,5.27
38057,North Dakota,Mercer,3.73
38059,North Dakota,Morton,3.64
38061,North Dakota,Mountrail,6.14
38063,North Dakota,Nelson,3.82
38065,North Dakota,Oliver,3.5
38067,North Dakota,Pembina,2.91
38069,North Dakota,Pierce,7.5
38071,North Dakota,Ramsey,4.59
38073,North Dakota,Ransom,4.23
38075,North Dakota,Renville,3.36
38077,North Dakota,Richland,4.91
38079,North Dakota,Rolette,16.14
38081,North Dakota,Sargent,2.64
38083,North Dakota,Sheridan,7.09
38085,North Dakota,Sioux,16.23
38087,North Dakota,Slope,4.59
38089,North Dakota,Stark,3.05
38091,North Dakota,Steele,3.32
38093,North Dakota,Stutsman,4.95
38095,North Dakota,Towner,6.36
38097,North Dakota,Traill,4.77
38099,North Dakota,Walsh,4.73
38101,North Dakota,Ward,3.41
38103,North Dakota,Wells,2.5
38105,North Dakota,Williams,4.59
39001,Ohio,Adams,11.18
39003,Ohio,Allen,7.95
39005,Ohio,Ashland,6.77
39007,Ohio,Ashtabula,9.14
39009,Ohio,Athens,15
39011,Ohio,Auglaize,4.05
39013,Ohio,Belmont,6.64
39015,Ohio,Brown,6.77
39017,Ohio,Butler,6.32
39019,Ohio,Carroll,7
39021,Ohio,Champaign,5.64
39023,Ohio,Clark,8.32
39025,Ohio,Clermont,4.86
39027,Ohio,Clinton,7.23
39029,Ohio,Columbiana,7
39031,Ohio,Coshocton,7.32
39033,Ohio,Crawford,7.45
39035,Ohio,Cuyahoga,8.5
39037,Ohio,Darke,6.05
39039,Ohio,Defiance,6.09
39041,Ohio,Delaware,2.05
39043,Ohio,Erie,5.64
39045,Ohio,Fairfield,4.68
39047,Ohio,Fayette,8.36
39049,Ohio,Franklin,7.95
39051,Ohio,Fulton,4.91
39053,Ohio,Gallia,9.5
39055,Ohio,Geauga,3.41
39057,Ohio,Greene,6.18
39059,Ohio,Guernsey,9.05
39061,Ohio,Hamilton,8.32
39063,Ohio,Hancock,6.32
39065,Ohio,Hardin,8.5
39067,Ohio,Harrison,7.86
39069,Ohio,Henry,5.18
39071,Ohio,Highland,9.18
39073,Ohio,Hocking,7.91
39075,Ohio,Holmes,5.77
39077,Ohio,Huron,6.14
39079,Ohio,Jackson,10.68
39081,Ohio,Jefferson,8
39083,Ohio,Knox,6.95
39085,Ohio,Lake,4.05
39087,Ohio,Lawrence,8.32
39089,Ohio,Licking,5.77
39091,Ohio,Logan,6.59
39093,Ohio,Lorain,6.55
39095,Ohio,Lucas,9.59
39097,Ohio,Madison,4.27
39099,Ohio,Mahoning,8.18
39101,Ohio,Marion,8.55
39103,Ohio,Medina,3.36
39105,Ohio,Meigs,10.36
39107,Ohio,Mercer,3.82
39109,Ohio,Miami,5.82
39111,Ohio,Monroe,8.82
39113,Ohio,Montgomery,8.45
39115,Ohio,Morgan,9.73
39117,Ohio,Morrow,5.32
39119,Ohio,Muskingum,8.45
39121,Ohio,Noble,5.77
39123,Ohio,Ottawa,4.86
39125,Ohio,Paulding,5.82
39127,Ohio,Perry,8.77
39129,Ohio,Pickaway,5.73
39131,Ohio,Pike,10.5
39133,Ohio,Portage,7.09
39135,Ohio,Preble,6.05
39137,Ohio,Putnam,2.64
39139,Ohio,Richland,7.73
39141,Ohio,Ross,8.77
39143,Ohio,Sandusky,6.5
39145,Ohio,Scioto,11.5
39147,Ohio,Seneca,7.68
39149,Ohio,Shelby,4.68
39151,Ohio,Stark,6.68
39153,Ohio,Summit,6.73
39155,Ohio,Trumbull,7.86
39157,Ohio,Tuscarawas,6.36
39159,Ohio,Union,3.95
39161,Ohio,Van Wert,5.82
39163,Ohio,Vinton,9.41
39165,Ohio,Warren,2.55
39167,Ohio,Washington,7.45
39169,Ohio,Wayne,6
39171,Ohio,Williams,6.77
39173,Ohio,Wood,6.5
39175,Ohio,Wyandot,5.36
40001,Oklahoma,Adair,12.23
40003,Oklahoma,Alfalfa,5.86
40005,Oklahoma,Atoka,10.23
40007,Oklahoma,Beaver,4.09
40009,Oklahoma,Beckham,5.91
40011,Oklahoma,Blaine,7.32
40013,Oklahoma,Bryan,8.32
40015,Oklahoma,Caddo,9.64
40017,Oklahoma,Canadian,3.32
40019,Oklahoma,Carter,6.95
40021,Oklahoma,Cherokee,10.27
40023,Oklahoma,Choctaw,13.09
40025,Oklahoma,Cimarron,8.14
40027,Oklahoma,Cleveland,5.77
40029,Oklahoma,Coal,9.41
40031,Oklahoma,Comanche,8
40033,Oklahoma,Cotton,7.86
40035,Oklahoma,Craig,8.64
40037,Oklahoma,Creek,7.05
40039,Oklahoma,Custer,7.59
40041,Oklahoma,Delaware,9.27
40043,Oklahoma,Dewey,7.55
40045,Oklahoma,Ellis,6.59
40047,Oklahoma,Garfield,5.91
40049,Oklahoma,Garvin,8.45
40051,Oklahoma,Grady,5.77
40053,Oklahoma,Grant,4.45
40055,Oklahoma,Greer,6.64
40057,Oklahoma,Harmon,7.95
40059,Oklahoma,Harper,6.36
40061,Oklahoma,Haskell,9
40063,Oklahoma,Hughes,8.45
40065,Oklahoma,Jackson,7.73
40067,Oklahoma,Jefferson,9.68
40069,Oklahoma,Johnston,8.77
40071,Oklahoma,Kay,8.32
40073,Oklahoma,Kingfisher,3.27
40075,Oklahoma,Kiowa,9.45
40077,Oklahoma,Latimer,8.05
40079,Oklahoma,Le Flore,10.36
40081,Oklahoma,Lincoln,7.14
40083,Oklahoma,Logan,5.23
40085,Oklahoma,Love,6.14
40087,Oklahoma,McClain,4.95
40089,Oklahoma,McCurtain,11.5
40091,Oklahoma,McIntosh,9.59
40093,Oklahoma,Major,6.41
40095,Oklahoma,Marshall,7.64
40097,Oklahoma,Mayes,9.68
40099,Oklahoma,Murray,6.86
40101,Oklahoma,Muskogee,10.09
40103,Oklahoma,Noble,6.05
40105,Oklahoma,Nowata,8.5
40107,Oklahoma,Okfuskee,11.27
40109,Oklahoma,Oklahoma,8.27
40111,Oklahoma,Okmulgee,9.45
40113,Oklahoma,Osage,7.18
40115,Oklahoma,Ottawa,10.41
40117,Oklahoma,Pawnee,6.27
40119,Oklahoma,Payne,11.77
40121,Oklahoma,Pittsburg,8.5
40123,Oklahoma,Pontotoc,8.41
40125,Oklahoma,Pottawatomie,8.27
40127,Oklahoma,Pushmataha,11.18
40129,Oklahoma,Roger Mills,6.59
40131,Oklahoma,Rogers,4.27
40133,Oklahoma,Seminole,9.86
40135,Oklahoma,Sequoyah,11.41
40137,Oklahoma,Stephens,6.95
40139,Oklahoma,Texas,5.91
40141,Oklahoma,Tillman,10.82
40143,Oklahoma,Tulsa,7.14
40145,Oklahoma,Wagoner,4.95
40147,Oklahoma,Washington,6.55
40149,Oklahoma,Washita,6.91
40151,Oklahoma,Woods,7.18
40153,Oklahoma,Woodward,5.91
41001,Oregon,Baker,6.91
41003,Oregon,Benton,10.14
41005,Oregon,Clackamas,4.32
41007,Oregon,Clatsop,7.18
41009,Oregon,Columbia,6.18
41011,Oregon,Coos,8.32
41013,Oregon,Crook,8.82
41015,Oregon,Curry,7.55
41017,Oregon,Deschutes,6.64
41019,Oregon,Douglas,8.77
41021,Oregon,Gilliam,4.55
41023,Oregon,Grant,7.23
41025,Oregon,Harney,8.09
41027,Oregon,Hood River,6.5
41029,Oregon,Jackson,8.64
41031,Oregon,Jefferson,9.32
41033,Oregon,Josephine,9.14
41035,Oregon,Klamath,8.77
41037,Oregon,Lake,8.45
41039,Oregon,Lane,9.14
41041,Oregon,Lincoln,7.68
41043,Oregon,Linn,8.59
41045,Oregon,Malheur,11.59
41047,Oregon,Marion,8.36
41049,Oregon,Morrow,7.5
41051,Oregon,Multnomah,8.23
41053,Oregon,Polk,7.41
41055,Oregon,Sherman,9.82
41057,Oregon,Tillamook,7.91
41059,Oregon,Umatilla,8
41061,Oregon,Union,8.45
41063,Oregon,Wallowa,6.95
41065,Oregon,Wasco,7.32
41067,Oregon,Washington,5.36
41069,Oregon,Wheeler,8.64
41071,Oregon,Yamhill,7.55
42001,Pennsylvania,Adams,4.05
42003,Pennsylvania,Allegheny,5.91
42005,Pennsylvania,Armstrong,5.91
42007,Pennsylvania,Beaver,5.41
42009,Pennsylvania,Bedford,6.27
42011,Pennsylvania,Berks,6.45
42013,Pennsylvania,Blair,6.82
42015,Pennsylvania,Bradford,6.18
42017,Pennsylvania,Bucks,2.73
42019,Pennsylvania,Butler,4.14
42021,Pennsylvania,Cambria,6.91
42023,Pennsylvania,Cameron,5.91
42025,Pennsylvania,Carbon,4.95
42027,Pennsylvania,Centre,8.77
42029,Pennsylvania,Chester,3.23
42031,Pennsylvania,Clarion,8.27
42033,Pennsylvania,Clearfield,6.82
42035,Pennsylvania,Clinton,7.45
42037,Pennsylvania,Columbia,7.32
42039,Pennsylvania,Crawford,6.68
42041,Pennsylvania,Cumberland,4
42043,Pennsylvania,Dauphin,6.18
42045,Pennsylvania,Delaware,4.82
42047,Pennsylvania,Elk,4
42049,Pennsylvania,Erie,7.59
42051,Pennsylvania,Fayette,8.77
42053,Pennsylvania,Forest,6.5
42055,Pennsylvania,Franklin,5.32
42057,Pennsylvania,Fulton,5.55
42059,Pennsylvania,Greene,6.32
42061,Pennsylvania,Huntingdon,6.23
42063,Pennsylvania,Indiana,7.86
42065,Pennsylvania,Jefferson,6.64
42067,Pennsylvania,Juniata,6
42069,Pennsylvania,Lackawanna,6.73
42071,Pennsylvania,Lancaster,4.86
42073,Pennsylvania,Lawrence,6.91
42075,Pennsylvania,Lebanon,5.14
42077,Pennsylvania,Lehigh,5.95
42079,Pennsylvania,Luzerne,7.18
42081,Pennsylvania,Lycoming,6.59
42083,Pennsylvania,McKean,7.82
42085,Pennsylvania,Mercer,6.14
42087,Pennsylvania,Mifflin,7.18
42089,Pennsylvania,Monroe,5.68
42091,Pennsylvania,Montgomery,3
42093,Pennsylvania,Montour,4.5
42095,Pennsylvania,Northampton,4.27
42097,Pennsylvania,Northumberland,6.27
42099,Pennsylvania,Perry,4.27
42101,Pennsylvania,Philadelphia,12
42103,Pennsylvania,Pike,4.5
42105,Pennsylvania,Potter,6.82
42107,Pennsylvania,Schuylkill,5.95
42109,Pennsylvania,Snyder,4.91
42111,Pennsylvania,Somerset,5.77
42113,Pennsylvania,Sullivan,5.91
42115,Pennsylvania,Susquehanna,5.91
42117,Pennsylvania,Tioga,6.55
42119,Pennsylvania,Union,5.82
42121,Pennsylvania,Venango,7
42123,Pennsylvania,Warren,5.55
42125,Pennsylvania,Washington,4.73
42127,Pennsylvania,Wayne,5.86
42129,Pennsylvania,Westmoreland,4.73
42131,Pennsylvania,Wyoming,5
42133,Pennsylvania,York,4.86
44001,Rhode Island,Bristol,3.36
44003,Rhode Island,Kent,3.82
44005,Rhode Island,Newport,4.59
44007,Rhode Island,Providence,8.05
44009,Rhode Island,Washington,4.5
45001,South Carolina,Abbeville,10.23
45003,South Carolina,Aiken,8.23
45005,South Carolina,Allendale,13.18
45007,South Carolina,Anderson,7.45
45009,South Carolina,Bamberg,12.82
45011,South Carolina,Barnwell,12.23
45013,South Carolina,Beaufort,5.82
45015,South Carolina,Berkeley,6.32
45017,South Carolina,Calhoun,8.91
45019,South Carolina,Charleston,7.82
45021,South Carolina,Cherokee,10.82
45023,South Carolina,Chester,12.27
45025,South Carolina,Chesterfield,11.91
45027,South Carolina,Clarendon,11.45
45029,South Carolina,Colleton,10.14
45031,South Carolina,Darlington,10.86
45033,South Carolina,Dillon,15.41
45035,South Carolina,Dorchester,5.95
45037,South Carolina,Edgefield,7.45
45039,South Carolina,Fairfield,11.09
45041,South Carolina,Florence,9
45043,South Carolina,Georgetown,9.55
45045,South Carolina,Greenville,7.09
45047,South Carolina,Greenwood,10.77
45049,South Carolina,Hampton,9.45
45051,South Carolina,Horry,8.23
45053,South Carolina,Jasper,10.68
45055,South Carolina,Kershaw,7.64
45057,South Carolina,Lancaster,8.5
45059,South Carolina,Laurens,9.5
45061,South Carolina,Lee,12.59
45063,South Carolina,Lexington,6.45
45065,South Carolina,McCormick,8.86
45067,South Carolina,Marion,12.64
45069,South Carolina,Marlboro,13.18
45071,South Carolina,Newberry,8
45073,South Carolina,Oconee,9.14
45075,South Carolina,Orangeburg,10.68
45077,South Carolina,Pickens,9.09
45079,South Carolina,Richland,7.77
45081,South Carolina,Saluda,9.32
45083,South Carolina,Spartanburg,7.95
45085,South Carolina,Sumter,8.18
45087,South Carolina,Union,9.23
45089,South Carolina,Williamsburg,13.55
45091,South Carolina,York,6.14
46003,South Dakota,Aurora,3.91
46005,South Dakota,Beadle,9.45
46007,South Dakota,Bennett,18.41
46009,South Dakota,Bon Homme,4.73
46011,South Dakota,Brookings,7.41
46013,South Dakota,Brown,4.45
46015,South Dakota,Brule,7
46017,South Dakota,Buffalo,15.91
46019,South Dakota,Butte,4.82
46021,South Dakota,Campbell,4.14
46023,South Dakota,Charles Mix,10.05
46025,South Dakota,Clark,7.23
46027,South Dakota,Clay,12.55
46029,South Dakota,Codington,4.68
46031,South Dakota,Corson,20.73
46033,South Dakota,Custer,4.77
46035,South Dakota,Davison,5.73
46037,South Dakota,Day,10.05
46039,South Dakota,Deuel,3.5
46041,South Dakota,Dewey,12.64
46043,South Dakota,Douglas,3.91
46045,South Dakota,Edmunds,5.59
46047,South Dakota,Fall River,7.55
46049,South Dakota,Faulk,7.45
46051,South Dakota,Grant,3.68
46053,South Dakota,Gregory,8.36
46055,South Dakota,Haakon,7.64
46057,South Dakota,Hamlin,3.32
46059,South Dakota,Hand,3.73
46061,South Dakota,Hanson,5.45
46063,South Dakota,Harding,6.09
46065,South Dakota,Hughes,4.64
46067,South Dakota,Hutchinson,6.05
46069,South Dakota,Hyde,5.55
46071,South Dakota,Jackson,15.14
46073,South Dakota,Jerauld,4.05
46075,South Dakota,Jones,5.18
46077,South Dakota,Kingsbury,4.59
46079,South Dakota,Lake,6.91
46081,South Dakota,Lawrence,5.95
46083,South Dakota,Lincoln,2
46085,South Dakota,Lyman,9.27
46087,South Dakota,McCook,3.91
46089,South Dakota,McPherson,10.05
46091,South Dakota,Marshall,6.86
46093,South Dakota,Meade,4.91
46095,South Dakota,Mellette,20.59
46097,South Dakota,Miner,4.73
46099,South Dakota,Minnehaha,5.36
46101,South Dakota,Moody,6.5
46102,South Dakota,Oglala Lakota,24.23
46103,South Dakota,Pennington,5.77
46105,South Dakota,Perkins,6.18
46107,South Dakota,Potter,5.27
46109,South Dakota,Roberts,9.18
46111,South Dakota,Sanborn,4.73
46115,South Dakota,Spink,5.68
46117,South Dakota,Stanley,3.73
46119,South Dakota,Sully,2.32
46121,South Dakota,Todd,21.09
46123,South Dakota,Tripp,10.36
46125,South Dakota,Turner,4.27
46127,South Dakota,Union,2.41
46129,South Dakota,Walworth,5.55
46135,South Dakota,Yankton,6.45
46137,South Dakota,Ziebach,17.95
47001,Tennessee,Anderson,8.14
47003,Tennessee,Bedford,7.77
47005,Tennessee,Benton,10.36
47007,Tennessee,Bledsoe,9.86
47009,Tennessee,Blount,6.41
47011,Tennessee,Bradley,8.91
47013,Tennessee,Campbell,10.55
47015,Tennessee,Cannon,8.36
47017,Tennessee,Carroll,9.45
47019,Tennessee,Carter,10.73
47021,Tennessee,Cheatham,6.27
47023,Tennessee,Chester,9.86
47025,Tennessee,Claiborne,9.95
47027,Tennessee,Clay,10.68
47029,Tennessee,Cocke,11.86
47031,Tennessee,Coffee,8.45
47033,Tennessee,Crockett,9.05
47035,Tennessee,Cumberland,7.5
47037,Tennessee,Davidson,8.27
47039,Tennessee,Decatur,9.82
47041,Tennessee,DeKalb,9.5
47043,Tennessee,Dickson,7.41
47045,Tennessee,Dyer,8.09
47047,Tennessee,Fayette,6.32
47049,Tennessee,Fentress,11.82
47051,Tennessee,Franklin,7.77
47053,Tennessee,Gibson,8.5
47055,Tennessee,Giles,7.45
47057,Tennessee,Grainger,9.36
47059,Tennessee,Greene,9.32
47061,Tennessee,Grundy,13.05
47063,Tennessee,Hamblen,9.68
47065,Tennessee,Hamilton,7.27
47067,Tennessee,Hancock,12.59
47069,Tennessee,Hardeman,11.27
47071,Tennessee,Hardin,10.59
47073,Tennessee,Hawkins,8.68
47075,Tennessee,Haywood,10.36
47077,Tennessee,Henderson,9.77
47079,Tennessee,Henry,8.41
47081,Tennessee,Hickman,9.5
47083,Tennessee,Houston,10.5
47085,Tennessee,Humphreys,7.23
47087,Tennessee,Jackson,12.18
47089,Tennessee,Jefferson,7.5
47091,Tennessee,Johnson,11.64
47093,Tennessee,Knox,7.27
47095,Tennessee,Lake,12.27
47097,Tennessee,Lauderdale,12.14
47099,Tennessee,Lawrence,9.23
47101,Tennessee,Lewis,8.91
47103,Tennessee,Lincoln,7.59
47105,Tennessee,Loudon,6.55
47107,Tennessee,McMinn,9.05
47109,Tennessee,McNairy,9.41
47111,Tennessee,Macon,8.59
47113,Tennessee,Madison,8.91
47115,Tennessee,Marion,8.73
47117,Tennessee,Marshall,7.36
47119,Tennessee,Maury,6.95
47121,Tennessee,Meigs,9.45
47123,Tennessee,Monroe,8.77
47125,Tennessee,Montgomery,7.18
47127,Tennessee,Moore,4.91
47129,Tennessee,Morgan,10.32
47131,Tennessee,Obion,9.36
47133,Tennessee,Overton,9.77
47135,Tennessee,Perry,11.73
47137,Tennessee,Pickett,7.32
47139,Tennessee,Polk,8.59
47141,Tennessee,Putnam,11.45
47143,Tennessee,Rhea,11.14
47145,Tennessee,Roane,8.36
47147,Tennessee,Robertson,5.45
47149,Tennessee,Rutherford,5.64
47151,Tennessee,Scott,12.41
47153,Tennessee,Sequatchie,7.41
47155,Tennessee,Sevier,6.95
47157,Tennessee,Shelby,9.73
47159,Tennessee,Smith,7.41
47161,Tennessee,Stewart,8.86
47163,Tennessee,Sullivan,7.95
47165,Tennessee,Sumner,4.23
47167,Tennessee,Tipton,6.18
47169,Tennessee,Trousdale,7.86
47171,Tennessee,Unicoi,10.23
47173,Tennessee,Union,9.77
47175,Tennessee,Van Buren,8.18
47177,Tennessee,Warren,9.64
47179,Tennessee,Washington,8.23
47181,Tennessee,Wayne,9.91
47183,Tennessee,Weakley,8.68
47185,Tennessee,White,8.91
47187,Tennessee,Williamson,2.32
47189,Tennessee,Wilson,4.59
48001,Texas,Anderson,8.41
48003,Texas,Andrews,5.59
48005,Texas,Angelina,8.82
48007,Texas,Aransas,8.64
48009,Texas,Archer,4.5
48011,Texas,Armstrong,3.14
48013,Texas,Atascosa,7.45
48015,Texas,Austin,5.23
48017,Texas,Bailey,8.64
48019,Texas,Bandera,5.91
48021,Texas,Bastrop,6.5
48023,Texas,Baylor,5.41
48025,Texas,Bee,9.64
48027,Texas,Bell,6.95
48029,Texas,Bexar,7.91
48031,Texas,Blanco,4.09
48033,Texas,Borden,0.64
48035,Texas,Bosque,6.59
48037,Texas,Bowie,8.68
48039,Texas,Brazoria,5.09
48041,Texas,Brazos,12.68
48043,Texas,Brewster,6.14
48045,Texas,Briscoe,8.45
48047,Texas,Brooks,18
48049,Texas,Brown,8.32
48051,Texas,Burleson,7.36
48053,Texas,Burnet,7.27
48055,Texas,Caldwell,8.77
48057,Texas,Calhoun,8.77
48059,Texas,Callahan,8.64
48061,Texas,Cameron,15.36
48063,Texas,Camp,8.95
48065,Texas,Carson,3.32
48067,Texas,Cass,9
48069,Texas,Castro,7.77
48071,Texas,Chambers,4.82
48073,Texas,Cherokee,10.05
48075,Texas,Childress,9.18
48077,Texas,Clay,5.5
48079,Texas,Cochran,9.09
48081,Texas,Coke,5.27
48083,Texas,Coleman,10.27
48085,Texas,Collin,3.45
48087,Texas,Collingsworth,10.27
48089,Texas,Colorado,6.86
48091,Texas,Comal,4
48093,Texas,Comanche,10.55
48095,Texas,Concho,5.05
48097,Texas,Cooke,6.32
48099,Texas,Coryell,6.27
48101,Texas,Cottle,10.32
48103,Texas,Crane,5.95
48105,Texas,Crockett,7.95
48107,Texas,Crosby,10.41
48109,Texas,Culberson,13.5
48111,Texas,Dallam,7.73
48113,Texas,Dallas,8.77
48115,Texas,Dawson,7.55
48117,Texas,Deaf Smith,9.45
48119,Texas,Delta,10.36
48121,Texas,Denton,4
48123,Texas,DeWitt,6.86
48125,Texas,Dickens,9.14
48127,Texas,Dimmit,8.59
48129,Texas,Donley,8.05
48131,Texas,Duval,10.86
48133,Texas,Eastland,8.27
48135,Texas,Ector,5.91
48137,Texas,Edwards,4.91
48139,Texas,Ellis,5.5
48141,Texas,El Paso,10.36
48143,Texas,Erath,11.09
48145,Texas,Falls,10
48147,Texas,Fannin,7.82
48149,Texas,Fayette,5.64
48151,Texas,Fisher,7.95
48153,Texas,Floyd,10.18
48155,Texas,Foard,4.45
48157,Texas,Fort Bend,3.73
48159,Texas,Franklin,7.5
48161,Texas,Freestone,6.77
48163,Texas,Frio,10.05
48165,Texas,Gaines,5.27
48167,Texas,Galveston,6.32
48169,Texas,Garza,4.73
48171,Texas,Gillespie,5.09
48173,Texas,Glasscock,1.55
48175,Texas,Goliad,8.45
48177,Texas,Gonzales,9.23
48179,Texas,Gray,6.05
48181,Texas,Grayson,7.36
48183,Texas,Gregg,8.27
48185,Texas,Grimes,9
48187,Texas,Guadalupe,4.45
48189,Texas,Hale,10.45
48191,Texas,Hall,12.23
48193,Texas,Hamilton,6.59
48195,Texas,Hansford,7.77
48197,Texas,Hardeman,6.73
48199,Texas,Hardin,5.55
48201,Texas,Harris,8.18
48203,Texas,Harrison,7.82
48205,Texas,Hartley,2.91
48207,Texas,Haskell,9.32
48209,Texas,Hays,7.68
48211,Texas,Hemphill,5.59
48213,Texas,Henderson,8.55
48215,Texas,Hidalgo,15.55
48217,Texas,Hill,9.45
48219,Texas,Hockley,6.64
48221,Texas,Hood,5.32
48223,Texas,Hopkins,9.05
48225,Texas,Houston,11.36
48227,Texas,Howard,7.09
48229,Texas,Hudspeth,18.32
48231,Texas,Hunt,8.59
48233,Texas,Hutchinson,7.32
48235,Texas,Irion,5.27
48237,Texas,Jack,7.82
48239,Texas,Jackson,5.64
48241,Texas,Jasper,7.73
48243,Texas,Jeff Davis,2.59
48245,Texas,Jefferson,9.05
48247,Texas,Jim Hogg,7.95
48249,Texas,Jim Wells,10.14
48251,Texas,Johnson,5.5
48253,Texas,Jones,8.32
48255,Texas,Karnes,11.55
48257,Texas,Kaufman,6.36
48259,Texas,Kendall,3.55
48261,Texas,Kenedy,12.14
48263,Texas,Kent,4.36
48265,Texas,Kerr,7.23
48267,Texas,Kimble,9.36
48269,Texas,King,3.23
48271,Texas,Kinney,8.09
48273,Texas,Kleberg,11.86
48275,Texas,Knox,7.5
48277,Texas,Lamar,8.45
48279,Texas,Lamb,10.68
48281,Texas,Lampasas,6.64
48283,Texas,La Salle,7.09
48285,Texas,Lavaca,4.18
48287,Texas,Lee,6.68
48289,Texas,Leon,6.32
48291,Texas,Liberty,8
48293,Texas,Limestone,10.55
48295,Texas,Lipscomb,4.18
48297,Texas,Live Oak,6.95
48299,Texas,Llano,6.77
48301,Texas,Loving,13.14
48303,Texas,Lubbock,8.82
48305,Texas,Lynn,8.77
48307,Texas,McCulloch,8.55
48309,Texas,McLennan,9.77
48311,Texas,McMullen,5.36
48313,Texas,Madison,9.18
48315,Texas,Marion,10.27
48317,Texas,Martin,6.05
48319,Texas,Mason,6.5
48321,Texas,Matagorda,9.86
48323,Texas,Maverick,12.14
48325,Texas,Medina,6.77
48327,Texas,Menard,6.77
48329,Texas,Midland,4
48331,Texas,Milam,7.91
48333,Texas,Mills,6.64
48335,Texas,Mitchell,5.23
48337,Texas,Montague,6.82
48339,Texas,Montgomery,5.45
48341,Texas,Moore,9.14
48343,Texas,Morris,8.5
48345,Texas,Motley,7.68
48347,Texas,Nacogdoches,11.18
48349,Texas,Navarro,9.41
48351,Texas,Newton,5.86
48353,Texas,Nolan,9.64
48355,Texas,Nueces,8.18
48357,Texas,Ochiltree,6.23
48359,Texas,Oldham,5.95
48361,Texas,Orange,7.05
48363,Texas,Palo Pinto,9
48365,Texas,Panola,6.82
48367,Texas,Parker,4.5
48369,Texas,Parmer,7.82
48371,Texas,Pecos,5.45
48373,Texas,Polk,7.91
48375,Texas,Potter,10
48377,Texas,Presidio,9.86
48379,Texas,Rains,5
48381,Texas,Randall,4.77
48383,Texas,Reagan,7.05
48385,Texas,Real,7.55
48387,Texas,Red River,8.55
48389,Texas,Reeves,7.64
48391,Texas,Refugio,7.68
48393,Texas,Roberts,0.68
48395,Texas,Robertson,7.91
48397,Texas,Rockwall,2.86
48399,Texas,Runnels,9.23
48401,Texas,Rusk,7.95
48403,Texas,Sabine,12.45
48405,Texas,San Augustine,11.27
48407,Texas,San Jacinto,9.18
48409,Texas,San Patricio,6.95
48411,Texas,San Saba,6.91
48413,Texas,Schleicher,8.86
48415,Texas,Scurry,4.5
48417,Texas,Shackelford,8.68
48419,Texas,Shelby,9.91
48421,Texas,Sherman,5.64
48423,Texas,Smith,7.91
48425,Texas,Somervell,6.32
48427,Texas,Starr,16.64
48429,Texas,Stephens,9.09
48431,Texas,Sterling,7.27
48433,Texas,Stonewall,8.86
48435,Texas,Sutton,3.82
48437,Texas,Swisher,10.27
48439,Texas,Tarrant,6.82
48441,Texas,Taylor,7.91
48443,Texas,Terrell,9.18
48445,Texas,Terry,6.95
48447,Texas,Throckmorton,5.95
48449,Texas,Titus,9.73
48451,Texas,Tom Green,6.77
48453,Texas,Travis,7.45
48455,Texas,Trinity,7.59
48457,Texas,Tyler,7.59
48459,Texas,Upshur,6.14
48461,Texas,Upton,8.95
48463,Texas,Uvalde,9.05
48465,Texas,Val Verde,9.36
48467,Texas,Van Zandt,7.68
48469,Texas,Victoria,7.45
48471,Texas,Walker,11.73
48473,Texas,Waller,8.27
48475,Texas,Ward,7.5
48477,Texas,Washington,6.14
48479,Texas,Webb,14.45
48481,Texas,Wharton,8
48483,Texas,Wheeler,7.14
48485,Texas,Wichita,8
48487,Texas,Wilbarger,8.09
48489,Texas,Willacy,17.73
48491,Texas,Williamson,3.41
48493,Texas,Wilson,4.86
48495,Texas,Winkler,6.32
48497,Texas,Wise,5.32
48499,Texas,Wood,6.68
48501,Texas,Yoakum,5.41
48503,Texas,Young,6.91
48505,Texas,Zapata,17
48507,Texas,Zavala,15.18
49001,Utah,Beaver,5.68
49003,Utah,Box Elder,4.32
49005,Utah,Cache,7.09
49007,Utah,Carbon,6.95
49009,Utah,Daggett,3.27
49011,Utah,Davis,3.5
49013,Utah,Duchesne,4.73
49015,Utah,Emery,5.09
49017,Utah,Garfield,8.18
49019,Utah,Grand,8.5
49021,Utah,Iron,9.55
49023,Utah,Juab,6.5
49025,Utah,Kane,3.59
49027,Utah,Millard,5.86
49029,Utah,Morgan,2.45
49031,Utah,Piute,9.36
49033,Utah,Rich,6.64
49035,Utah,Salt Lake,5.64
49037,Utah,San Juan,12.77
49039,Utah,Sanpete,7.32
49041,Utah,Sevier,6.59
49043,Utah,Summit,3.55
49045,Utah,Tooele,3.27
49047,Utah,Uintah,4.23
49049,Utah,Utah,6
49051,Utah,Wasatch,4.55
49053,Utah,Washington,6.82
49055,Utah,Wayne,7
49057,Utah,Weber,5.91
50001,Vermont,Addison,4.18
50003,Vermont,Bennington,6.14
50005,Vermont,Caledonia,5.68
50007,Vermont,Chittenden,5.18
50009,Vermont,Essex,6.82
50011,Vermont,Franklin,3.95
50013,Vermont,Grand Isle,3.91
50015,Vermont,Lamoille,5.36
50017,Vermont,Orange,5.64
50019,Vermont,Orleans,7.05
50021,Vermont,Rutland,5.68
50023,Vermont,Washington,4.59
50025,Vermont,Windham,5.82
50027,Vermont,Windsor,5
51001,Virginia,Accomack,8.91
51003,Virginia,Albemarle,4.64
51005,Virginia,Alleghany,7.73
51007,Virginia,Amelia,5.27
51009,Virginia,Amherst,5.91
51011,Virginia,Appomattox,8.05
51013,Virginia,Arlington,4.09
51015,Virginia,Augusta,4.32
51017,Virginia,Bath,3.5
51019,Virginia,Bedford,4.41
51021,Virginia,Bland,4.91
51023,Virginia,Botetourt,3.73
51025,Virginia,Brunswick,10.09
51027,Virginia,Buchanan,11.86
51029,Virginia,Buckingham,8.68
51031,Virginia,Campbell,6.09
51033,Virginia,Caroline,6.05
51035,Virginia,Carroll,7.68
51036,Virginia,Charles City,6
51037,Virginia,Charlotte,9.68
51041,Virginia,Chesterfield,3.36
51043,Virginia,Clarke,5.05
51045,Virginia,Craig,5.36
51047,Virginia,Culpeper,4.23
51049,Virginia,Cumberland,9.32
51051,Virginia,Dickenson,9.73
51053,Virginia,Dinwiddie,6.73
51057,Virginia,Essex,6.32
51059,Virginia,Fairfax,2.73
51061,Virginia,Fauquier,2.55
51063,Virginia,Floyd,4.55
51065,Virginia,Fluvanna,3
51067,Virginia,Franklin,6.77
51069,Virginia,Frederick,2.95
51071,Virginia,Giles,5.14
51073,Virginia,Gloucester,3.36
51075,Virginia,Goochland,2.59
51077,Virginia,Grayson,9.73
51079,Virginia,Greene,4.5
51081,Virginia,Greensville,8.95
51083,Virginia,Halifax,8.73
51085,Virginia,Hanover,2.73
51087,Virginia,Henrico,4.86
51089,Virginia,Henry,8.32
51091,Virginia,Highland,5.73
51093,Virginia,Isle of Wight,5.32
51095,Virginia,James City,3.68
51097,Virginia,King and Queen,6.09
51099,Virginia,King George,2.5
51101,Virginia,King William,5.36
51103,Virginia,Lancaster,5.14
51105,Virginia,Lee,11.55
51107,Virginia,Loudoun,1.82
51109,Virginia,Louisa,4.55
51111,Virginia,Lunenburg,9.32
51113,Virginia,Madison,5.64
51115,Virginia,Mathews,3.18
51117,Virginia,Mecklenburg,9
51119,Virginia,Middlesex,4.32
51121,Virginia,Montgomery,11.27
51125,Virginia,Nelson,6.68
51127,Virginia,New Kent,3.18
51131,Virginia,Northampton,10.45
51133,Virginia,Northumberland,5
51135,Virginia,Nottoway,10.95
51137,Virginia,Orange,5.5
51139,Virginia,Page,7.45
51141,Virginia,Patrick,9.64
51143,Virginia,Pittsylvania,7.32
51145,Virginia,Powhatan,2.23
51147,Virginia,Prince Edward,9.55
51149,Virginia,Prince George,4.55
51153,Virginia,Prince William,3.05
51155,Virginia,Pulaski,6.14
51157,Virginia,Rappahannock,4.5
51159,Virginia,Richmond,4.77
51161,Virginia,Roanoke,3.77
51163,Virginia,Rockbridge,6.32
51165,Virginia,Rockingham,5.05
51167,Virginia,Russell,9.41
51169,Virginia,Scott,9.18
51171,Virginia,Shenandoah,5.55
51173,Virginia,Smyth,8.5
51175,Virginia,Southampton,7.14
51177,Virginia,Spotsylvania,3.73
51179,Virginia,Stafford,2.36
51181,Virginia,Surry,5.86
51183,Virginia,Sussex,9.32
51185,Virginia,Tazewell,8.05
51187,Virginia,Warren,4.45
51191,Virginia,Washington,5.82
51193,Virginia,Westmoreland,6.05
51195,Virginia,Wise,10.18
51197,Virginia,Wythe,6.86
51199,Virginia,York,2.91
51510,Virginia,Alexandria city,3.77
51520,Virginia,Bristol city,9.27
51530,Virginia,Buena Vista city,12.91
51540,Virginia,Charlottesville city,11.73
51550,Virginia,Chesapeake city,4.41
51570,Virginia,Colonial Heights city,5.18
51580,Virginia,Covington city,11.59
51590,Virginia,Danville city,10.77
51595,Virginia,Emporia city,15.86
51600,Virginia,Fairfax city,3.18
51610,Virginia,Falls Church city,1.23
51620,Virginia,Franklin city,9.64
51630,Virginia,Fredericksburg city,7.5
51640,Virginia,Galax city,12.18
51650,Virginia,Hampton city,6.95
51660,Virginia,Harrisonburg city,14.77
51670,Virginia,Hopewell city,8.64
51678,Virginia,Lexington city,9.18
51680,Virginia,Lynchburg city,11.27
51683,Virginia,Manassas city,4.41
51685,Virginia,Manassas Park city,3.59
51690,Virginia,Martinsville city,10.73
51700,Virginia,Newport News city,7.14
51710,Virginia,Norfolk city,9.55
51720,Virginia,Norton city,10.91
51730,Virginia,Petersburg city,12.73
51735,Virginia,Poquoson city,1.91
51740,Virginia,Portsmouth city,8.27
51750,Virginia,Radford city,17.73
51760,Virginia,Richmond city,11.59
51770,Virginia,Roanoke city,9.64
51775,Virginia,Salem city,5.09
51790,Virginia,Staunton city,8.05
51800,Virginia,Suffolk city,5.23
51810,Virginia,Virginia Beach city,3.77
51820,Virginia,Waynesboro city,8.32
51830,Virginia,Williamsburg city,10.18
51840,Virginia,Winchester city,7.27
53001,Washington,Adams,9.73
53003,Washington,Asotin,6.91
53005,Washington,Benton,6.45
53007,Washington,Chelan,6.5
53009,Washington,Clallam,6.82
53011,Washington,Clark,5.09
53013,Washington,Columbia,8
53015,Washington,Cowlitz,7.95
53017,Washington,Douglas,6.73
53019,Washington,Ferry,10
53021,Washington,Franklin,8.32
53023,Washington,Garfield,5.23
53025,Washington,Grant,8.14
53027,Washington,Grays Harbor,8.23
53029,Washington,Island,4.36
53031,Washington,Jefferson,5.45
53033,Washington,King,5.09
53035,Washington,Kitsap,4.82
53037,Washington,Kittitas,10.09
53039,Washington,Klickitat,6.91
53041,Washington,Lewis,7.41
53043,Washington,Lincoln,6.95
53045,Washington,Mason,7.82
53047,Washington,Okanogan,9.64
53049,Washington,Pacific,8.73
53051,Washington,Pend Oreille,9.77
53053,Washington,Pierce,5.77
53055,Washington,San Juan,5.27
53057,Washington,Skagit,7.27
53059,Washington,Skamania,6.23
53061,Washington,Snohomish,4.64
53063,Washington,Spokane,7.23
53065,Washington,Stevens,8.18
53067,Washington,Thurston,5.64
53069,Washington,Wahkiakum,7.77
53071,Washington,Walla Walla,8
53073,Washington,Whatcom,7.27
53075,Washington,Whitman,14.18
53077,Washington,Yakima,9.68
54001,West Virginia,Barbour,9.77
54003,West Virginia,Berkeley,6.45
54005,West Virginia,Boone,10.59
54007,West Virginia,Braxton,9.55
54009,West Virginia,Brooke,5.95
54011,West Virginia,Cabell,9.86
54013,West Virginia,Calhoun,8.05
54015,West Virginia,Clay,12.82
54017,West Virginia,Doddridge,7.14
54019,West Virginia,Fayette,9.05
54021,West Virginia,Gilmer,12.27
54023,West Virginia,Grant,7
54025,West Virginia,Greenbrier,8.5
54027,West Virginia,Hampshire,9.41
54029,West Virginia,Hancock,7.36
54031,West Virginia,Hardy,6.14
54033,West Virginia,Harrison,7.41
54035,West Virginia,Jackson,7.45
54037,West Virginia,Jefferson,5.27
54039,West Virginia,Kanawha,7.18
54041,West Virginia,Lewis,9.36
54043,West Virginia,Lincoln,12.41
54045,West Virginia,Logan,8.95
54047,West Virginia,McDowell,16.14
54049,West Virginia,Marion,7.36
54051,West Virginia,Marshall,5.91
54053,West Virginia,Mason,8.73
54055,West Virginia,Mercer,9.95
54057,West Virginia,Mineral,7.68
54059,West Virginia,Mingo,11.73
54061,West Virginia,Monongalia,10.05
54063,West Virginia,Monroe,7.64
54065,West Virginia,Morgan,5.86
54067,West Virginia,Nicholas,8.23
54069,West Virginia,Ohio,7.32
54071,West Virginia,Pendleton,9.36
54073,West Virginia,Pleasants,8.18
54075,West Virginia,Pocahontas,7.5
54077,West Virginia,Preston,6.64
54079,West Virginia,Putnam,4.45
54081,West Virginia,Raleigh,8.09
54083,West Virginia,Randolph,7.73
54085,West Virginia,Ritchie,9.41
54087,West Virginia,Roane,10.05
54089,West Virginia,Summers,8
54091,West Virginia,Taylor,7.55
54093,West Virginia,Tucker,6.77
54095,West Virginia,Tyler,9
54097,West Virginia,Upshur,8.23
54099,West Virginia,Wayne,9.36
54101,West Virginia,Webster,11.86
54103,West Virginia,Wetzel,9
54105,West Virginia,Wirt,6.23
54107,West Virginia,Wood,7.91
54109,West Virginia,Wyoming,9.91
55001,Wisconsin,Adams,6.41
55003,Wisconsin,Ashland,7.14
55005,Wisconsin,Barron,5.73
55007,Wisconsin,Bayfield,5.27
55009,Wisconsin,Brown,5.32
55011,Wisconsin,Buffalo,5.18
55013,Wisconsin,Burnett,7.09
55015,Wisconsin,Calumet,3.18
55017,Wisconsin,Chippewa,4.59
55019,Wisconsin,Clark,7.36
55021,Wisconsin,Columbia,4
55023,Wisconsin,Crawford,5.82
55025,Wisconsin,Dane,5.86
55027,Wisconsin,Dodge,4.18
55029,Wisconsin,Door,4.59
55031,Wisconsin,Douglas,7.18
55033,Wisconsin,Dunn,6.86
55035,Wisconsin,Eau Claire,6.95
55037,Wisconsin,Florence,4.23
55039,Wisconsin,Fond du Lac,4.18
55041,Wisconsin,Forest,7.68
55043,Wisconsin,Grant,7
55045,Wisconsin,Green,4.05
55047,Wisconsin,Green Lake,5.55
55049,Wisconsin,Iowa,4.73
55051,Wisconsin,Iron,5.14
55053,Wisconsin,Jackson,6.64
55055,Wisconsin,Jefferson,4.82
55057,Wisconsin,Juneau,6.5
55059,Wisconsin,Kenosha,6.91
55061,Wisconsin,Kewaunee,4.05
55063,Wisconsin,La Crosse,6.73
55065,Wisconsin,Lafayette,4.91
55067,Wisconsin,Langlade,7.27
55069,Wisconsin,Lincoln,4.64
55071,Wisconsin,Manitowoc,4.55
55073,Wisconsin,Marathon,4.82
55075,Wisconsin,Marinette,5.86
55077,Wisconsin,Marquette,6.32
55078,Wisconsin,Menominee,16
55079,Wisconsin,Milwaukee,9.77
55081,Wisconsin,Monroe,6.86
55083,Wisconsin,Oconto,4.27
55085,Wisconsin,Oneida,4.73
55087,Wisconsin,Outagamie,4.05
55089,Wisconsin,Ozaukee,2.36
55091,Wisconsin,Pepin,5.95
55093,Wisconsin,Pierce,5.5
55095,Wisconsin,Polk,4.68
55097,Wisconsin,Portage,6.86
55099,Wisconsin,Price,6.23
55101,Wisconsin,Racine,5.68
55103,Wisconsin,Richland,6.82
55105,Wisconsin,Rock,6.82
55107,Wisconsin,Rusk,7.27
55109,Wisconsin,St. Croix,2.95
55111,Wisconsin,Sauk,5.59
55113,Wisconsin,Sawyer,7.59
55115,Wisconsin,Shawano,5
55117,Wisconsin,Sheboygan,4.18
55119,Wisconsin,Taylor,5.68
55121,Wisconsin,Trempealeau,4.86
55123,Wisconsin,Vernon,7.27
55125,Wisconsin,Vilas,6.55
55127,Wisconsin,Walworth,6.14
55129,Wisconsin,Washburn,5.95
55131,Wisconsin,Washington,2.55
55133,Wisconsin,Waukesha,2.41
55135,Wisconsin,Waupaca,4.73
55137,Wisconsin,Waushara,4.68
55139,Wisconsin,Winnebago,5.45
55141,Wisconsin,Wood,5
56001,Wyoming,Albany,12.23
56003,Wyoming,Big Horn,5.5
56005,Wyoming,Campbell,3.27
56007,Wyoming,Carbon,6.95
56009,Wyoming,Converse,4.27
56011,Wyoming,Crook,2.27
56013,Wyoming,Fremont,6.45
56015,Wyoming,Goshen,8.14
56017,Wyoming,Hot Springs,4.86
56019,Wyoming,Johnson,2.86
56021,Wyoming,Laramie,4.59
56023,Wyoming,Lincoln,3.59
56025,Wyoming,Natrona,4.86
56027,Wyoming,Niobrara,6.77
56029,Wyoming,Park,3.27
56031,Wyoming,Platte,7.32
56033,Wyoming,Sheridan,3.77
56035,Wyoming,Sublette,3.68
56037,Wyoming,Sweetwater,5.23
56039,Wyoming,Teton,3.36
56041,Wyoming,Uinta,6.23
56043,Wyoming,Washakie,6.27
56045,Wyoming,Weston,6.41
72001,Puerto Rico,Adjuntas,28.05
72003,Puerto Rico,Aguada,24.64
72005,Puerto Rico,Aguadilla,22.32
72007,Puerto Rico,Aguas Buenas,24.36
72009,Puerto Rico,Aibonito,21.45
72011,Puerto Rico,Aasco,22.32
72013,Puerto Rico,Arecibo,22.55
72015,Puerto Rico,Arroyo,23.95
72017,Puerto Rico,Barceloneta,25.41
72019,Puerto Rico,Barranquitas,27.82
72021,Puerto Rico,Bayamn,16.18
72023,Puerto Rico,Cabo Rojo,23.05
72025,Puerto Rico,Caguas,17.27
72027,Puerto Rico,Camuy,22.09
72029,Puerto Rico,Canvanas,19.91
72031,Puerto Rico,Carolina,13.86
72033,Puerto Rico,Catao,22.23
72035,Puerto Rico,Cayey,18.86
72037,Puerto Rico,Ceiba,19.68
72039,Puerto Rico,Ciales,27.05
72041,Puerto Rico,Cidra,17.82
72043,Puerto Rico,Coamo,22.45
72045,Puerto Rico,Comero,27.27
72047,Puerto Rico,Corozal,25.73
72049,Puerto Rico,Culebra,20.68
72051,Puerto Rico,Dorado,16.18
72053,Puerto Rico,Fajardo,20.64
72054,Puerto Rico,Florida,24.55
72055,Puerto Rico,Gunica,27.73
72057,Puerto Rico,Guayama,24.09
72059,Puerto Rico,Guayanilla,25.45
72061,Puerto Rico,Guaynabo,12.23
72063,Puerto Rico,Gurabo,15.5
72065,Puerto Rico,Hatillo,20.32
72067,Puerto Rico,Hormigueros,17
72069,Puerto Rico,Humacao,20.41
72071,Puerto Rico,Isabela,25.41
72073,Puerto Rico,Jayuya,26.27
72075,Puerto Rico,Juana Daz,23.27
72077,Puerto Rico,Juncos,21.55
72079,Puerto Rico,Lajas,26.95
72081,Puerto Rico,Lares,26.5
72083,Puerto Rico,Las Maras,26.36
72085,Puerto Rico,Las Piedras,22.36
72087,Puerto Rico,Loza,21.68
72089,Puerto Rico,Luquillo,20.82
72091,Puerto Rico,Manat,21
72093,Puerto Rico,Maricao,29.18
72095,Puerto Rico,Maunabo,25.41
72097,Puerto Rico,Mayagez,23.23
72099,Puerto Rico,Moca,24.68
72101,Puerto Rico,Morovis,25.09
72103,Puerto Rico,Naguabo,23.91
72105,Puerto Rico,Naranjito,22.45
72107,Puerto Rico,Orocovis,27.05
72109,Puerto Rico,Patillas,26.86
72111,Puerto Rico,Peuelas,27.36
72113,Puerto Rico,Ponce,23.55
72115,Puerto Rico,Quebradillas,25.23
72117,Puerto Rico,Rincn,22.18
72119,Puerto Rico,Ro Grande,17.77
72121,Puerto Rico,Sabana Grande,21.41
72123,Puerto Rico,Salinas,25.55
72125,Puerto Rico,San Germn,23.18
72127,Puerto Rico,San Juan,19.23
72129,Puerto Rico,San Lorenzo,22
72131,Puerto Rico,San Sebastin,25.68
72133,Puerto Rico,Santa Isabel,22.77
72135,Puerto Rico,Toa Alta,14.23
72137,Puerto Rico,Toa Baja,17.45
72139,Puerto Rico,Trujillo Alto,13.55
72141,Puerto Rico,Utuado,23.77
72143,Puerto Rico,Vega Alta,22.86
72145,Puerto Rico,Vega Baja,22.05
72147,Puerto Rico,Vieques,17.77
72149,Puerto Rico,Villalba,24.55
72151,Puerto Rico,Yabucoa,23.77
72153,Puerto Rico,Yauco,23.5
